{
  "elements": [
    {
      "element": {
        "element_type": "minecraft:legacy_single_pool_element",
        "location": "pillage:village/badlands/houses/badlands_armorer",
        "processors": "pillage:village_badlands",
        "projection": "rigid"
      },
      "weight": 2
    },
    {
      "element": {
        "element_type": "minecraft:legacy_single_pool_element",
        "location": "pillage:village/badlands/houses/badlands_bar",
        "processors": "pillage:village_badlands",
        "projection": "rigid"
      },
      "weight": 5
    },
    {
      "element": {
        "element_type": "minecraft:legacy_single_pool_element",
        "location": "pillage:village/badlands/houses/badlands_bucher_leatherworker_houses",
        "processors": "pillage:village_badlands",
        "projection": "rigid"
      },
      "weight": 2
    },
    {
      "element": {
        "element_type": "minecraft:legacy_single_pool_element",
        "location": "pillage:village/badlands/houses/badlands_carographer_1",
        "processors": "pillage:village_badlands",
        "projection": "rigid"
      },
      "weight": 4
    },
    {
      "element": {
        "element_type": "minecraft:legacy_single_pool_element",
        "location": "pillage:village/badlands/houses/badlands_cartographer_2",
        "processors": "pillage:village_badlands",
        "projection": "rigid"
      },
      "weight": 4
    },
    {
      "element": {
        "element_type": "minecraft:legacy_single_pool_element",
        "location": "pillage:village/badlands/houses/badlands_fletcher",
        "processors": "pillage:village_badlands",
        "projection": "rigid"
      },
      "weight": 4
    },
    {
      "element": {
        "element_type": "minecraft:legacy_single_pool_element",
        "location": "pillage:village/badlands/houses/badlands_houses_3",
        "processors": "pillage:village_badlands",
        "projection": "rigid"
      },
      "weight": 5
    },
    {
      "element": {
        "element_type": "minecraft:legacy_single_pool_element",
        "location": "pillage:village/badlands/houses/badlands_leatherworker",
        "processors": "pillage:village_badlands",
        "projection": "rigid"
      },
      "weight": 1
    },
    {
      "element": {
        "element_type": "minecraft:legacy_single_pool_element",
        "location": "pillage:village/badlands/houses/badlands_library_houses",
        "processors": "pillage:village_badlands",
        "projection": "rigid"
      },
      "weight": 3
    },
    {
      "element": {
        "element_type": "minecraft:legacy_single_pool_element",
        "location": "pillage:village/badlands/houses/badlands_mason",
        "processors": "pillage:village_badlands",
        "projection": "rigid"
      },
      "weight": 4
    },
    {
      "element": {
        "element_type": "minecraft:legacy_single_pool_element",
        "location": "pillage:village/badlands/houses/badlands_shepherd_1",
        "processors": "pillage:village_badlands",
        "projection": "rigid"
      },
      "weight": 3
    },
    {
      "element": {
        "element_type": "minecraft:legacy_single_pool_element",
        "location": "pillage:village/badlands/houses/badlands_weaponsmith",
        "processors": "pillage:village_badlands",
        "projection": "rigid"
      },
      "weight": 2
    }
  ],
  "fallback": "pillage:village/badlands/terminators",
  "name": "pillage:village/badlands/houses"
}