{
  "elements": [
    {
      "element": {
        "element_type": "minecraft:legacy_single_pool_element",
        "location": "pillage:village/badlands/streets/straight_1",
        "processors": "minecraft:empty",
        "projection": "terrain_matching"
      },
      "weight": 16
    },
    {
      "element": {
        "element_type": "minecraft:legacy_single_pool_element",
        "location": "pillage:village/badlands/streets/straight_2",
        "processors": "minecraft:empty",
        "projection": "terrain_matching"
      },
      "weight": 16
    },
    {
      "element": {
        "element_type": "minecraft:legacy_single_pool_element",
        "location": "pillage:village/badlands/terminators/badlands_barn",
        "processors": "minecraft:empty",
        "projection": "rigid"
      },
      "weight": 4
    },
    {
      "element": {
        "element_type": "minecraft:legacy_single_pool_element",
        "location": "pillage:village/badlands/terminators/badlands_ironworks",
        "processors": "pillage:water_cauldron",
        "projection": "rigid"
      },
      "weight": 6
    }
  ],
  "fallback": "pillage:village/badlands/terminators",
  "name": "pillage:village/badlands/streets"
}