{
  "elements": [
    {
      "element": {
        "element_type": "minecraft:legacy_single_pool_element",
        "location": "minecraft:village/desert/zombie/villagers/nitwit",
        "processors": "minecraft:empty",
        "projection": "rigid"
      },
      "weight": 1
    },
    {
      "element": {
        "element_type": "minecraft:legacy_single_pool_element",
        "location": "minecraft:village/desert/zombie/villagers/unemployed",
        "processors": "minecraft:empty",
        "projection": "rigid"
      },
      "weight": 10
    },
    {
      "element": {
        "element_type": "minecraft:empty_pool_element"
      },
      "weight": 16
    }
  ],
  "fallback": "minecraft:empty",
  "name": "pillage:village/badlands/zombie"
}