{
  "display": {
    "icon": {
      "item": "minecraft:bell"
    },
    "title": {
      "translate": "advancements.adventure.find_all_villages.title"
    },
    "description": {
      "translate": "advancements.adventure.find_all_villages.description"
    },
    "frame": "challenge",
    "show_toast": true,
    "announce_to_chat": true,
    "hidden": false
  },
  "parent": "minecraft:adventure/trade",
  "criteria": {
    "village_plains": {
      "trigger": "minecraft:location",
      "conditions": {
        "player": [
          {
            "condition": "minecraft:entity_properties",
            "entity": "this",
            "predicate": {
              "location": {
                "structure": "minecraft:village_plains"
              }
            }
          }
        ]
      }
    },
    "village_desert": {
      "trigger": "minecraft:location",
      "conditions": {
        "player": [
          {
            "condition": "minecraft:entity_properties",
            "entity": "this",
            "predicate": {
              "location": {
                "structure": "minecraft:village_desert"
              }
            }
          }
        ]
      }
    },
    "village_savanna": {
      "trigger": "minecraft:location",
      "conditions": {
        "player": [
          {
            "condition": "minecraft:entity_properties",
            "entity": "this",
            "predicate": {
              "location": {
                "structure": "minecraft:village_savanna"
              }
            }
          }
        ]
      }
    },
    "village_snowy": {
      "trigger": "minecraft:location",
      "conditions": {
        "player": [
          {
            "condition": "minecraft:entity_properties",
            "entity": "this",
            "predicate": {
              "location": {
                "structure": "minecraft:village_snowy"
              }
            }
          }
        ]
      }
    },
    "village_taiga": {
      "trigger": "minecraft:location",
      "conditions": {
        "player": [
          {
            "condition": "minecraft:entity_properties",
            "entity": "this",
            "predicate": {
              "location": {
                "structure": "minecraft:village_taiga"
              }
            }
          }
        ]
      }
    },
    "village_swamp": {
      "trigger": "minecraft:location",
      "conditions": {
        "player": [
          {
            "condition": "minecraft:entity_properties",
            "entity": "this",
            "predicate": {
              "location": {
                "structure": "pillage:village_swamp"
              }
            }
          }
        ]
      }
    },
    "village_badlands": {
      "trigger": "minecraft:location",
      "conditions": {
        "player": [
          {
            "condition": "minecraft:entity_properties",
            "entity": "this",
            "predicate": {
              "location": {
                "structure": "pillage:village_badlands"
              }
            }
          }
        ]
      }
    },
    "village_jungle": {
      "trigger": "minecraft:location",
      "conditions": {
        "player": [
          {
            "condition": "minecraft:entity_properties",
            "entity": "this",
            "predicate": {
              "location": {
                "structure": "pillage:village_jungle"
              }
            }
          }
        ]
      }
    },
    "pillager_town": {
      "trigger": "minecraft:location",
      "conditions": {
        "player": [
          {
            "condition": "minecraft:entity_properties",
            "entity": "this",
            "predicate": {
              "location": {
                "structure": "pillage:pillager_town"
              }
            }
          }
        ]
      }
    }
  },
  "requirements": [
    [
      "village_plains"
    ],
    [
      "village_desert"
    ],
    [
      "village_taiga"
    ],
    [
      "village_savanna"
    ],
    [
      "village_snowy"
    ],
    [
      "village_swamp"
    ],
    [
      "village_badlands"
    ],
    [
      "village_jungle"
    ],
    [
      "pillager_town"
    ]
  ],
  "rewards": {
    "experience": 50
  }
}
