{
  "display": {
    "icon": {
      "item": "minecraft:jungle_sapling"
    },
    "title": {
      "translate": "advancements.adventure.find_village_jungle.title"
    },
    "description": {
      "translate": "advancements.adventure.find_village_jungle.description"
    },
    "frame": "task",
    "show_toast": true,
    "announce_to_chat": true,
    "hidden": true
  },
  "parent": "eternal:village/find_all_villages",
  "criteria": {
    "village_jungle": {
      "trigger": "minecraft:location",
      "conditions": {
        "player": [
          {
            "condition": "minecraft:entity_properties",
            "entity": "this",
            "predicate": {
              "location": {
                "structure": "pillage:village_jungle"
              }
            }
          }
        ]
      }
    }
  },
  "requirements": [
    [
      "village_jungle"
    ]
  ]
}
