{
  "display": {
    "icon": {
      "item": "minecraft:white_banner",
      "nbt": "{BlockEntityTag:{Patterns:[{Color:9,Pattern:\"mr\"},{Color:8,Pattern:\"bs\"},{Color:7,Pattern:\"cs\"},{Color:8,Pattern:\"bo\"},{Color:15,Pattern:\"ms\"},{Color:8,Pattern:\"hh\"},{Color:8,Pattern:\"mc\"},{Color:15,Pattern:\"bo\"}],id:\"minecraft:banner\"},HideFlags:32,display:{Name:'{\"color\":\"gold\",\"translate\":\"block.minecraft.ominous_banner\"}'}}"
    },
    "title": {
      "translate": "advancements.adventure.find_pillager_town.title"
    },
    "description": {
      "translate": "advancements.adventure.find_pillager_town.description"
    },
    "frame": "task",
    "show_toast": true,
    "announce_to_chat": true,
    "hidden": true
  },
  "parent": "eternal:village/find_all_villages",
  "criteria": {
    "pillager_town": {
      "trigger": "minecraft:location",
      "conditions": {
        "player": [
          {
            "condition": "minecraft:entity_properties",
            "entity": "this",
            "predicate": {
              "location": {
                "structure": "pillage:pillager_town"
              }
            }
          }
        ]
      }
    }
  },
  "requirements": [
    [
      "pillager_town"
    ]
  ]
}
