{
  "display": {
    "icon": {
      "item": "minecraft:goat_horn"
    },
    "title": {
      "translate": "advancements.husbandry.use_all_horns.title"
    },
    "description": {
      "translate": "advancements.husbandry.use_all_horns.description"
    },
    "frame": "goal",
    "show_toast": true,
    "announce_to_chat": true,
    "hidden": false
  },
  "parent": "minecraft:husbandry/ride_a_boat_with_a_goat",
  "criteria": {
    "horn1": {
      "trigger": "minecraft:impossible",
      "conditions": {}
    },
    "horn2": {
      "trigger": "minecraft:impossible",
      "conditions": {}
    },
    "horn3": {
      "trigger": "minecraft:impossible",
      "conditions": {}
    },
    "horn4": {
      "trigger": "minecraft:impossible",
      "conditions": {}
    },
    "horn5": {
      "trigger": "minecraft:impossible",
      "conditions": {}
    },
    "horn6": {
      "trigger": "minecraft:impossible",
      "conditions": {}
    },
    "horn7": {
      "trigger": "minecraft:impossible",
      "conditions": {}
    },
    "horn8": {
      "trigger": "minecraft:impossible",
      "conditions": {}
    }
  },
  "requirements": [
    [
      "horn1"
	],
    [
      "horn2"
	],
    [
      "horn3"
	],
    [
      "horn4"
	],
    [
      "horn5"
	],
    [
      "horn6"
	],
    [
      "horn7"
	],
    [
      "horn8"
	]
  ]
}
