{
  "parent": "ve:technical/root",
  "criteria": {
    "illusioner": {
      "trigger": "minecraft:player_hurt_entity",
      "conditions": {
        "entity": [
          {
            "condition": "minecraft:entity_properties",
            "entity": "this",
            "predicate": {
              "nbt": "{Tags:[\"phase_4\",\"illusioner_boss\"]}"
            }
          }
        ]
      }
    }
  },
  "requirements": [
    [
      "illusioner"
    ]
  ],
  "rewards": {
    "function": "ve:grand_illusioner_exp"
  }
}
