{
  "type": "minecraft:entity",
  "pools": [
    {
      "rolls": 1,
      "entries": [
        {
          "type": "minecraft:item",
          "name": "minecraft:arrow"
        }
      ],
      "functions": [
        {
          "function": "minecraft:set_count",
          "count": 5
        }
      ]
    },
    {
      "rolls": 3,
      "entries": [
        {
          "type": "minecraft:item",
          "name": "minecraft:oak_fence"
        },
        {
          "type": "minecraft:item",
          "weight": 2,
          "name": "minecraft:oak_button"
        },
        {
          "type": "minecraft:item",
          "weight": 3,
          "name": "minecraft:stick",
          "functions": [
            {
              "function": "minecraft:set_count",
              "count": 5
            }
          ]
        },
        {
          "type": "minecraft:empty",
          "weight": 2
        }
      ],
      "functions": [
        {
          "function": "minecraft:set_nbt",
          "tag": "{Tags:[\"decoy_drop\"]}"
        }
      ]
    },
    {
      "rolls": 1,
      "entries": [
        {
          "type": "minecraft:item",
          "name": "minecraft:blue_wool",
          "functions": [
            {
              "function": "minecraft:set_count",
              "count": {
                "min": 1,
                "max": 3
              }
            }
          ]
        }
      ],
      "functions": [
        {
          "function": "minecraft:set_nbt",
          "tag": "{Tags:[\"decoy_drop\"]}"
        }
      ]
    }
  ]
}
