{
  "elements": [
    {
      "element": {
        "element_type": "minecraft:legacy_single_pool_element",
        "location": "pillage:village/jungle/zombie/streets/straight_1",
        "processors": "pillage:zombie_jungle",
        "projection": "rigid"
      },
      "weight": 5
    },
    {
      "element": {
        "element_type": "minecraft:legacy_single_pool_element",
        "location": "pillage:village/jungle/zombie/streets/cross_1",
        "processors": "pillage:zombie_jungle",
        "projection": "rigid"
      },
      "weight": 2
    },
    {
      "element": {
        "element_type": "minecraft:legacy_single_pool_element",
        "location": "pillage:village/jungle/zombie/streets/cross_2",
        "processors": "pillage:zombie_jungle",
        "projection": "rigid"
      },
      "weight": 3
    },
    {
      "element": {
        "element_type": "minecraft:legacy_single_pool_element",
        "location": "pillage:village/jungle/zombie/streets/turn",
        "processors": "pillage:zombie_jungle",
        "projection": "rigid"
      },
      "weight": 2
    }
  ],
  "fallback": "pillage:village/jungle/zombie/terminator_streets",
  "name": "pillage:village/jungle/zombie/bridge_joint"
}