{
  "elements": [
    {
      "element": {
        "element_type": "minecraft:legacy_single_pool_element",
        "location": "pillage:village/jungle/zombie/streets/straight_2",
        "processors": "pillage:zombie_jungle",
        "projection": "rigid"
      },
      "weight": 1
    },
    {
      "element": {
        "element_type": "minecraft:legacy_single_pool_element",
        "location": "pillage:village/jungle/zombie/streets/bridge_house",
        "processors": "pillage:zombie_jungle",
        "projection": "rigid"
      },
      "weight": 3
    },
    {
      "element": {
        "element_type": "minecraft:legacy_single_pool_element",
        "location": "pillage:village/jungle/zombie/streets/straight_3",
        "processors": "pillage:zombie_jungle",
        "projection": "rigid"
      },
      "weight": 1
    }
  ],
  "fallback": "pillage:village/jungle/zombie/terminator_streets",
  "name": "pillage:village/jungle/zombie/streets"
}