{
  "elements": [
    {
      "element": {
        "element_type": "minecraft:legacy_single_pool_element",
        "location": "pillage:village/jungle/terminators/terminator_2",
        "processors": "pillage:zombie_jungle",
        "projection": "rigid"
      },
      "weight": 3
    },
    {
      "element": {
        "element_type": "minecraft:legacy_single_pool_element",
        "location": "pillage:village/jungle/terminators/terminator_3",
        "processors": "pillage:zombie_jungle",
        "projection": "rigid"
      },
      "weight": 1
    }
  ],
  "fallback": "minecraft:empty",
  "name": "pillage:village/jungle/zombie/terminator_streets"
}