{
  "elements": [
    {
      "element": {
        "element_type": "minecraft:legacy_single_pool_element",
        "location": "pillage:village/jungle/houses/farmer",
        "processors": "pillage:zombie_jungle",
        "projection": "rigid"
      },
      "weight": 8
    },
    {
      "element": {
        "element_type": "minecraft:legacy_single_pool_element",
        "location": "pillage:village/jungle/houses/toolsmith",
        "processors": "pillage:zombie_jungle",
        "projection": "rigid"
      },
      "weight": 5
    },
    {
      "element": {
        "element_type": "minecraft:legacy_single_pool_element",
        "location": "pillage:village/jungle/houses/weaponsmith",
        "processors": "pillage:zombie_jungle",
        "projection": "rigid"
      },
      "weight": 5
    },
    {
      "element": {
        "element_type": "minecraft:legacy_single_pool_element",
        "location": "pillage:village/jungle/houses/butcher",
        "processors": "pillage:zombie_jungle",
        "projection": "rigid"
      },
      "weight": 6
    },
    {
      "element": {
        "element_type": "minecraft:legacy_single_pool_element",
        "location": "pillage:village/jungle/houses/armorer",
        "processors": "pillage:zombie_jungle",
        "projection": "rigid"
      },
      "weight": 4
    },
    {
      "element": {
        "element_type": "minecraft:legacy_single_pool_element",
        "location": "pillage:village/jungle/houses/armorer",
        "processors": "pillage:zombie_jungle",
        "projection": "rigid"
      },
      "weight": 4
    }
  ],
  "fallback": "pillage:village/jungle/zombie/terminator_ground",
  "name": "pillage:village/jungle/zombie/workstation_ground"
}