{
  "name": "pillage:bastion_ghost/bridge/ramparts",
  "fallback": "minecraft:empty",
  "elements": [
    {
      "weight": 1,
      "element": {
        "location": "pillage:bastion_ghost/bridge/ramparts/rampart_0",
        "processors": "pillage:ghost_rampart_degradation",
        "projection": "rigid",
        "element_type": "minecraft:single_pool_element"
      }
    },
    {
      "weight": 1,
      "element": {
        "location": "pillage:bastion_ghost/bridge/ramparts/rampart_1",
        "processors": "pillage:ghost_rampart_degradation",
        "projection": "rigid",
        "element_type": "minecraft:single_pool_element"
      }
    }
  ]
}
