{
  "name": "pillage:bastion_ghost/bridge/walls",
  "fallback": "minecraft:empty",
  "elements": [
    {
      "weight": 1,
      "element": {
        "location": "pillage:bastion_ghost/bridge/walls/wall_base_0",
        "processors": "pillage:ghost_rampart_degradation",
        "projection": "rigid",
        "element_type": "minecraft:single_pool_element"
      }
    },
    {
      "weight": 1,
      "element": {
        "location": "pillage:bastion_ghost/bridge/walls/wall_base_1",
        "processors": "pillage:ghost_rampart_degradation",
        "projection": "rigid",
        "element_type": "minecraft:single_pool_element"
      }
    }
  ]
}
