{
  "name": "pillage:bastion_ghost/starts",
  "fallback": "minecraft:empty",
  "elements": [
    {
      "weight": 3,
      "element": {
        "location": "pillage:bastion_ghost/units/air_base",
        "processors": "pillage:bastion_ghost_generic_degradation",
        "projection": "rigid",
        "element_type": "minecraft:single_pool_element"
      }
    },
    {
      "weight": 3,
      "element": {
        "location": "pillage:bastion_ghost/hoglin_stable/air_base",
        "processors": "pillage:bastion_ghost_generic_degradation",
        "projection": "rigid",
        "element_type": "minecraft:single_pool_element"
      }
    },
    {
      "weight": 3,
      "element": {
        "location": "pillage:bastion_ghost/treasure/big_air_full",
        "processors": "pillage:bastion_ghost_generic_degradation",
        "projection": "rigid",
        "element_type": "minecraft:single_pool_element"
      }
    },
    {
      "weight": 3,
      "element": {
        "location": "pillage:bastion_ghost/bridge/starting_pieces/entrance_base",
        "processors": "pillage:bastion_ghost_generic_degradation",
        "projection": "rigid",
        "element_type": "minecraft:single_pool_element"
      }
    }
  ]
}
