{
  "type": "minecraft:jigsaw",
  "biomes": "#apocalypse_overwrite:has_small_town",
  "max_distance_from_center": 90,
  "project_start_to_heightmap": "WORLD_SURFACE_WG",
  "size": 6,
  "spawn_overrides": {
    "monster": {
      "bounding_box": "full",
      "spawns": [
        {
          "type": "minecraft:zombie",
          "maxCount": 4,
          "minCount": 4,
          "weight": 3
        },
        {
          "type": "minecraft:zombie_villager",
          "maxCount": 4,
          "minCount": 4,
          "weight": 27
        }
      ]
    }
  },
  "start_height": {
    "absolute": 0
  },
  "start_pool": "apocalypse_overwrite:modern_roads",
  "step": "surface_structures",
  "terrain_adaptation": "beard_thin",
  "use_expansion_hack": false
}