{
    "type": "minecraft:jigsaw",
    "biomes": [
        "minecraft:frozen_peaks",
        "minecraft:grove",
        "minecraft:jagged_peaks",
        //"minecraft:meadow",
        "minecraft:snowy_slopes",
        "minecraft:stony_peaks",
        "minecraft:windswept_gravelly_hills",
        "minecraft:windswept_hills"
    ],
    "step": "surface_structures",
    "spawn_overrides": {},
    "terrain_adaptation": "beard_thin",
    "start_pool": "red:big_oracle",
    "size": 6,
    "start_height": {
      "absolute": 0
    },
    "project_start_to_heightmap": "WORLD_SURFACE_WG",
    "max_distance_from_center": 80,
    "use_expansion_hack": false
}