{
    "type": "minecraft:jigsaw",
    "biomes":[
        "minecraft:grove",
        "minecraft:frozen_peaks",
        "minecraft:snowy_plains",
        "minecraft:snowy_slopes",
        "minecraft:snowy_taiga"
    ],
    "step": "surface_structures",
    "spawn_overrides": {},
    "terrain_adaptation": "beard_thin",
    "start_pool": "red:snowy_oracle",
    "size": 6,
    "start_height": {
      "absolute": 0
    },
    "project_start_to_heightmap": "WORLD_SURFACE_WG",
    "max_distance_from_center": 80,
    "use_expansion_hack": false
}