{
  "name": "pillage:bastion/mobs/royal_piglin",
  "fallback": "minecraft:empty",
  "elements": [
    {
      "weight": 12,
      "element": {
        "location": "pillage:bastion/mobs/royal_piglin_guard",
        "processors": "minecraft:empty",
        "projection": "rigid",
        "element_type": "minecraft:single_pool_element"
      }
    },
    {
      "weight": 12,
      "element": {
        "location": "pillage:bastion/mobs/royal_piglin_archer",
        "processors": "minecraft:empty",
        "projection": "rigid",
        "element_type": "minecraft:single_pool_element"
      }
    },
    {
      "weight": 3,
      "element": {
        "location": "pillage:bastion/mobs/royal_piglin_guard_elite",
        "processors": "minecraft:empty",
        "projection": "rigid",
        "element_type": "minecraft:single_pool_element"
      }
    },
    {
      "weight": 3,
      "element": {
        "location": "pillage:bastion/mobs/royal_piglin_archer_elite",
        "processors": "minecraft:empty",
        "projection": "rigid",
        "element_type": "minecraft:single_pool_element"
      }
    },
    {
      "element": {
        "element_type": "minecraft:single_pool_element",
        "location": "minecraft:bastion/mobs/empty",
        "processors": "minecraft:empty",
        "projection": "rigid"
      },
      "weight": 5
    },
    {
      "element": {
        "element_type": "minecraft:single_pool_element",
        "location": "minecraft:bastion/mobs/melee_piglin_always",
        "processors": "minecraft:empty",
        "projection": "rigid"
      },
      "weight": 11
    }
  ]
}
