{
  "elements": [
    {
      "element": {
        "element_type": "minecraft:legacy_single_pool_element",
        "location": "pillage:pillager_town/mobs/vindicator",
        "processors": "minecraft:empty",
        "projection": "rigid"
      },
      "weight": 20
    },
    {
      "element": {
        "element_type": "minecraft:legacy_single_pool_element",
        "location": "pillage:pillager_town/mobs/pillager",
        "processors": "minecraft:empty",
        "projection": "rigid"
      },
      "weight": 24
    },
    {
      "element": {
        "element_type": "minecraft:legacy_single_pool_element",
        "location": "pillage:pillager_town/mobs/vindicator_captain",
        "processors": "minecraft:empty",
        "projection": "rigid"
      },
      "weight": 6
    },
    {
      "element": {
        "element_type": "minecraft:legacy_single_pool_element",
        "location": "pillage:pillager_town/mobs/pillager_captain",
        "processors": "minecraft:empty",
        "projection": "rigid"
      },
      "weight": 8
    },
    {
      "element": {
        "element_type": "minecraft:legacy_single_pool_element",
        "location": "pillage:pillager_town/mobs/evoker",
        "processors": "minecraft:empty",
        "projection": "rigid"
      },
      "weight": 1
    },
    {
      "element": {
        "element_type": "minecraft:legacy_single_pool_element",
        "location": "pillage:pillager_town/mobs/witch",
        "processors": "minecraft:empty",
        "projection": "rigid"
      },
      "weight": 6
    }
  ],
  "fallback": "minecraft:empty",
  "name": "pillage:pillager_town/mobs/illager"
}