{
  "name": "pillage:bastion_ghost/units/ramparts",
  "fallback": "minecraft:empty",
  "elements": [
    {
      "weight": 1,
      "element": {
        "location": "pillage:bastion_ghost/units/ramparts/ramparts_0",
        "processors": "pillage:ghost_housing",
        "projection": "rigid",
        "element_type": "minecraft:single_pool_element"
      }
    },
    {
      "weight": 1,
      "element": {
        "location": "pillage:bastion_ghost/units/ramparts/ramparts_1",
        "processors": "pillage:ghost_housing",
        "projection": "rigid",
        "element_type": "minecraft:single_pool_element"
      }
    },
    {
      "weight": 1,
      "element": {
        "location": "pillage:bastion_ghost/units/ramparts/ramparts_2",
        "processors": "pillage:ghost_housing",
        "projection": "rigid",
        "element_type": "minecraft:single_pool_element"
      }
    }
  ]
}
