{
  "display": {
    "icon": {
      "item": "minecraft:knowledge_book",
      "nbt": "{CustomModelData:58273}"
    },
    "title": {
      "text": "????????????????????????????????????????????????????????????????????????????????????????????????????????????????????????????????????????????????????????????????????????????????????????????????????????????????????????????????????????????????????????????????????????????????????????????????????????????????????????????????????????????????????????????????????????????????????????????????????????????????????????????????????????????????????????????????????????????????????????????????????????????????????????????????????????????????????????????????????????????????????????????????????????????????????????????????????????????????????????????????????????????????????????????????????????????????????????????????????????????????????????????????????????????????????"
    },
    "description": {
      "text": ""
    },
    "show_toast": true,
    "announce_to_chat": false,
    "hidden": true
  },
  "parent": "ve:tutorial/root",
  "criteria": {
    "get": {
      "trigger": "minecraft:impossible"
    }
  },
  "requirements": [
    [
      "get"
    ]
  ]
}
