{
    "type": "minecraft:chest",
    "pools": [
      {
        "rolls": {
          "min": 2,
          "max": 4
        },
        "entries": [
          {
            "type": "minecraft:item",
            "name": "minecraft:bow",
            "weight": 40
          },
          {
            "type": "minecraft:item",
            "name": "minecraft:crossbow",
            "weight": 25
          },
          {
            "type": "minecraft:item",
            "name": "minecraft:name_tag",
            "weight": 50
          },
          {
            "type": "minecraft:item",
            "name": "minecraft:chainmail_chestplate",
            "weight": 50
          },
          {
            "type": "minecraft:item",
            "name": "minecraft:leather_helmet",
            "weight": 50
          },
          {
            "type": "minecraft:item",
            "name": "minecraft:leather_boots",
            "weight": 50
          },
          {
            "type": "minecraft:item",
            "name": "minecraft:leather_chestplate",
            "weight": 50
          },
          {
            "type": "minecraft:item",
            "name": "minecraft:leather_leggings",
            "weight": 50
          },
          {
            "type": "minecraft:item",
            "name": "minecraft:iron_helmet",
            "weight": 25
          },
          {
            "type": "minecraft:item",
            "name": "minecraft:iron_chestplate",
            "weight": 25
          },
          {
            "type": "minecraft:item",
            "name": "minecraft:arrow",
            "functions": [
              {
                "function": "set_count",
                "count": {
                  "min": 2,
                  "max": 6
                }
              }
            ],
            "weight": 50
          }
        ]
      },
      {
        "rolls": {
          "min": 2,
          "max": 4
        },
        "entries": [
          {
            "type": "minecraft:item",
            "name": "minecraft:spyglass",
            "weight": 30
          },
          {
            "type": "minecraft:item",
            "name": "minecraft:bread",
            "weight": 75
          },
          {
            "type": "minecraft:item",
            "name": "minecraft:coal",
            "weight": 60,
            "functions": [
              {
                "function": "set_count",
                "count": {
                  "min": 1,
                  "max": 3
                }
              }
            ]
          },
          {
            "type": "minecraft:item",
            "name": "minecraft:water_bucket",
            "weight": 50
          },
          {
            "type": "minecraft:item",
            "name": "minecraft:apple",
            "weight": 60,
            "functions": [
              {
                "function": "set_count",
                "count": {
                  "min": 1,
                  "max": 3
                }
              }
            ]
          },
          {
            "type": "minecraft:item",
            "name": "minecraft:wooden_sword",
            "weight": 50
          },
          {
            "type": "minecraft:item",
            "name": "minecraft:wooden_axe",
            "weight": 50
          },
          {
            "type": "minecraft:item",
            "name": "minecraft:wooden_pickaxe",
            "weight": 50
          },
          {
            "type": "minecraft:item",
            "name": "minecraft:wooden_hoe",
            "weight": 50
          },
          {
            "type": "minecraft:item",
            "name": "minecraft:iron_sword",
            "weight": 20
          },
          {
            "type": "minecraft:item",
            "name": "minecraft:iron_axe",
            "weight": 20
          },
          {
            "type": "minecraft:item",
            "name": "minecraft:iron_pickaxe",
            "weight": 20
          },
          {
            "type": "minecraft:item",
            "name": "minecraft:torch",
            "weight": 50,
            "functions": [
              {
                "function": "set_count",
                "count": {
                  "min": 2,
                  "max": 4
                }
              }
            ]
          },
          {
            "type": "minecraft:item",
            "name": "minecraft:bone",
            "weight": 50,
            "functions": [
              {
                "function": "set_count",
                "count": {
                  "min": 1,
                  "max": 4
                }
              }
            ]
          }
        ]
      },
      {
        "rolls": 1,
        "entries": [
          {
            "type": "minecraft:item",
            "name": "minecraft:potion",
            "weight": 50,
            "functions": [
              {
                "function": "set_count",
                "count": {
                  "min": 0,
                  "max": 1
                }
              },
              {
                "function": "set_nbt",
                "tag": "{Potion:slow_falling}"
              }
            ]
          }
        ]
      }
    ]
  }
  