{
  "elements": [
    {
      "element": {
        "element_type": "minecraft:legacy_single_pool_element",
        "location": "pillage:village/swamp/town_centers/swamp_fountain_01",
        "processors": "pillage:village_swamp",
        "projection": "rigid"
      },
      "weight": 50
    },
    {
      "element": {
        "element_type": "minecraft:legacy_single_pool_element",
        "location": "pillage:village/swamp/town_centers/swamp_meeting_point_1",
        "processors": "pillage:village_swamp",
        "projection": "rigid"
      },
      "weight": 50
    },
    {
      "element": {
        "element_type": "minecraft:legacy_single_pool_element",
        "location": "pillage:village/swamp/town_centers/swamp_meeting_point_2",
        "processors": "pillage:village_swamp",
        "projection": "rigid"
      },
      "weight": 50
    },
    {
      "element": {
        "element_type": "minecraft:legacy_single_pool_element",
        "location": "pillage:village/swamp/zombie/town_centers/swamp_fountain_01",
        "processors": "pillage:zombie_swamp",
        "projection": "rigid"
      },
      "weight": 1
    },
    {
      "element": {
        "element_type": "minecraft:legacy_single_pool_element",
        "location": "pillage:village/swamp/zombie/town_centers/swamp_meeting_point_1",
        "processors": "pillage:zombie_swamp",
        "projection": "rigid"
      },
      "weight": 1
    },
    {
      "element": {
        "element_type": "minecraft:legacy_single_pool_element",
        "location": "pillage:village/swamp/zombie/town_centers/swamp_meeting_point_2",
        "processors": "pillage:zombie_swamp",
        "projection": "rigid"
      },
      "weight": 1
    }
  ],
  "fallback": "minecraft:empty",
  "name": "pillage:village/swamp/town_centers"
}