{
  "parent": "ve:technical/root",
  "criteria": {
    "admire_horn": {
      "trigger": "minecraft:using_item",
      "conditions": {
		"item":{
			"items": [
				"minecraft:goat_horn"
			],
			"nbt": "{instrument:\"minecraft:admire_goat_horn\"}"
		},
		"player": [
		  {
			"condition": "minecraft:entity_properties",
			"entity": "this",
			"predicate": {
			  "nbt": "{Tags:[\"horn_usable\"]}"
			}
		  }
		]
      }
    }
  },
  "rewards": {
      "function": "ve:horn_admire"
  },
  "requirements": [
    [
      "admire_horn"
    ]
  ]
}