{
  "parent": "ve:technical/root",
  "criteria": {
    "hit_circle_decoy": {
      "trigger": "minecraft:player_hurt_entity",
      "conditions": {
        "entity": [
          {
            "condition": "minecraft:entity_properties",
            "entity": "this",
            "predicate": {
              "type": "minecraft:illusioner",
              "nbt": "{Tags:[circle],Invulnerable:0b}"
            }
          }
        ]
      }
    }
  },
  "requirements": [
    [
      "hit_circle_decoy"
    ]
  ],
  "rewards": {
    "function": "pillage:grand_illusioner/circle_despawn"
  }
}
