{
  "parent": "ve:technical/root",
  "criteria": {
    "pillager_town": {
      "trigger": "minecraft:location",
      "conditions": {
        "player": [
          {
            "condition": "minecraft:entity_properties",
            "entity": "this",
            "predicate": {
              "location": {
                "structure": "pillage:pillager_town"
              }
            }
          }
        ]
      }
    },
    "radius": {
      "trigger": "minecraft:impossible"
    }
  },
  "requirements": [
    [
      "pillager_town"
    ],
    [
      "radius"
    ]
  ],
  "rewards": {
    "function": "ve:player_enter_pillager_town"
  }
}
