{
  "parent": "ve:technical/root",
  "criteria": {
    "bastion": {
      "trigger": "minecraft:location",
      "conditions": {
        "player": [
          {
            "condition": "minecraft:inverted",
            "term": {
              "condition": "minecraft:entity_properties",
              "entity": "this",
              "predicate": {
                "nbt": "{Tags:[\"ptv_lock\"]}"
              }
            }
          },
          {
            "condition": "minecraft:entity_properties",
            "entity": "this",
            "predicate": {
              "location": {
                "structure": "minecraft:bastion_remnant"
              }
            }
          }
        ]
      }
    }
  },
  "requirements": [
    [
      "bastion"
    ]
  ],
  "rewards": {
    "function": "ve:found_bastion"
  }
}
