{
  "parent": "ve:technical/root",
  "criteria": {
    "got_lantern": {
      "trigger": "minecraft:inventory_changed",
      "conditions": {
        "player": [
          {
            "condition": "minecraft:inverted",
            "term": {
              "condition": "minecraft:entity_properties",
              "entity": "this",
              "predicate": {
                "nbt": "{Tags:[shattered_lantern]}"
              }
            }
          },
          {
            "condition": "minecraft:inverted",
            "term": {
              "condition": "minecraft:entity_properties",
              "entity": "this",
              "predicate": {
                "nbt": "{Tags:[lantern_removed_by_soul]}"
              }
            }
          },
          {
            "condition": "minecraft:location_check",
            "predicate": {
              "dimension": "pillage:castle_dimension"
            }
          }
        ],
        "items": [
          {
            "items": [
              "minecraft:lantern"
            ]
          }
        ]
      }
    }
  },
  "requirements": [
    [
      "got_lantern"
    ]
  ],
  "rewards": {
    "function": "pillage:grand_illusioner/got_lantern"
  }
}
