{
  "parent": "ve:technical/root",
  "criteria": {
    "got_special_bow": {
      "trigger": "minecraft:inventory_changed",
      "conditions": {
        "items": [
          {
            "items": [
              "minecraft:bow"
            ],
            "nbt": "{Unbreakable:1b}",
            "enchantments": [
              {
                "enchantment": "minecraft:punch",
                "levels": 4
              },
              {
                "enchantment": "minecraft:infinity",
                "levels": 1
              }
            ]
          }
        ]
      }
    }
  },
  "requirements": [
    [
      "got_special_bow"
    ]
  ],
  "rewards": {
    "function": "ve:got_special_bow"
  }
}
