{
  "parent": "ve:technical/root",
  "criteria": {
    "got_axe": {
      "trigger": "minecraft:inventory_changed",
      "conditions": {
        "player": [
          {
            "condition": "minecraft:inverted",
            "term": {
              "condition": "minecraft:entity_properties",
              "entity": "this",
              "predicate": {
                "nbt": "{Tags:[phase_2_st2]}"
              }
            }
          },
          {
            "condition": "minecraft:inverted",
            "term": {
              "condition": "minecraft:entity_properties",
              "entity": "this",
              "predicate": {
                "nbt": "{Tags:[can_double_jump]}"
              }
            }
          }
        ],
        "items": [
          {
            "items": [
              "minecraft:iron_axe"
            ],
            "nbt": "{Castle:1b}"
          }
        ]
      }
    }
  },
  "requirements": [
    [
      "got_axe"
    ]
  ],
  "rewards": {
    "function": "pillage:grand_illusioner/phase_2_st2_start"
  }
}
