{
  "parent": "ve:technical/root",
  "criteria": {
    "hurt_grand_illusioner": {
      "trigger": "minecraft:player_hurt_entity",
      "conditions": {
        "entity": [
          {
            "condition": "minecraft:entity_properties",
            "entity": "this",
            "predicate": {
              "type": "minecraft:illusioner",
              "nbt": "{Tags:[illusioner_boss]}"
            }
          }
        ]
      }
    }
  },
  "requirements": [
    [
      "hurt_grand_illusioner"
    ]
  ],
  "rewards": {
    "function": "pillage:grand_illusioner/phase_change"
  }
}
