{
  "parent": "ve:technical/root",
  "criteria": {
    "sheep": {
      "trigger": "minecraft:player_interacted_with_entity",
      "conditions": {
        "item": {
          "items": [
            "minecraft:shears"
          ]
        },
        "entity": [
          {
            "condition": "minecraft:entity_properties",
            "entity": "this",
            "predicate": {
              "type": "minecraft:sheep",
              "nbt": "{Tags:[is_illusioner]}"
            }
          }
        ]
      }
    },
    "golem": {
      "trigger": "minecraft:player_interacted_with_entity",
      "conditions": {
        "item": {
          "items": [
            "minecraft:shears"
          ]
        },
        "entity": [
          {
            "condition": "minecraft:entity_properties",
            "entity": "this",
            "predicate": {
              "type": "minecraft:snow_golem",
              "nbt": "{Tags:[is_illusioner]}"
            }
          }
        ]
      }
    },
    "mooshroom": {
      "trigger": "minecraft:player_interacted_with_entity",
      "conditions": {
        "player": [],
        "item": {
          "items": [
            "minecraft:shears"
          ]
        },
        "entity": [
          {
            "condition": "minecraft:entity_properties",
            "entity": "this",
            "predicate": {
              "type": "minecraft:mooshroom",
              "nbt": "{Tags:[is_illusioner]}"
            }
          }
        ]
      }
    }
  },
  "requirements": [
    [
      "golem",
      "sheep",
      "mooshroom"
    ]
  ],
  "rewards": {
    "function": "pillage:illusion_shears"
  }
}
