{
  "parent": "ve:technical/root",
  "criteria": {
    "give": {
      "trigger": "minecraft:player_interacted_with_entity",
      "conditions": {
        "item": {
          "items": [
            "minecraft:bamboo",
            "minecraft:cake"
          ]
        },
        "entity": {
          "type": "minecraft:panda",
          "nbt": "{Tags:[is_illusioner]}"
        }
      }
    }
  },
  "requirements": [
    [
      "give"
    ]
  ],
  "rewards": {
    "function": "pillage:is_illusioner_panda_eating"
  }
}
