{
  "parent": "ve:technical/root",
  "criteria": {
    "kill_decoy": {
      "trigger": "minecraft:player_killed_entity",
      "conditions": {
        "entity": [
          {
            "condition": "minecraft:entity_properties",
            "entity": "this",
            "predicate": {
              "type": "minecraft:illusioner",
              "nbt": "{Tags:[decoy]}"
            }
          }
        ]
      }
    }
  },
  "rewards": {
    "function": "pillage:grand_illusioner/decoy_killed"
  }
}
