{
  "parent": "ve:technical/root",
  "criteria": {
    "kill": {
      "trigger": "minecraft:player_killed_entity",
      "conditions": {
        "entity": [
          {
            "condition": "minecraft:entity_properties",
            "entity": "this",
            "predicate": {
              "type": "minecraft:piglin_brute",
              "nbt": "{Tags:[king]}"
            }
          }
        ]
      }
    }
  },
  "requirements": [
    [
      "kill"
    ]
  ],
  "rewards": {
    "function": "pillage:piglin_emperor/killed"
  }
}
