{
  "parent": "ve:technical/root",
  "criteria": {
    "get_hit": {
      "trigger": "minecraft:entity_hurt_player",
      "conditions": {
        "player": [
          {
            "condition": "minecraft:any_of",
            "terms": [
              {
                "condition": "minecraft:entity_properties",
                "entity": "this",
                "predicate": {
                  "nbt": "{Tags:[ph4_mob_5]}"
                }
              },
              {
                "condition": "minecraft:entity_properties",
                "entity": "this",
                "predicate": {
                  "nbt": "{Tags:[ph4_mob_4]}"
                }
              },
              {
                "condition": "minecraft:entity_properties",
                "entity": "this",
                "predicate": {
                  "nbt": "{Tags:[ph4_mob_3]}"
                }
              },
              {
                "condition": "minecraft:entity_properties",
                "entity": "this",
                "predicate": {
                  "nbt": "{Tags:[ph4_mob_2]}"
                }
              },
              {
                "condition": "minecraft:entity_properties",
                "entity": "this",
                "predicate": {
                  "nbt": "{Tags:[ph4_mob_1]}"
                }
              }
            ]
          }
        ]
      }
    }
  },
  "requirements": [
    [
      "get_hit"
    ]
  ],
  "rewards": {
    "function": "pillage:grand_illusioner/phase_4_player_gets_hit"
  }
}
