{
  "parent": "ve:technical/root",
  "criteria": {
    "player_killed_by_ph4_mob": {
      "trigger": "minecraft:entity_killed_player",
      "conditions": {
        "entity": [
          {
            "condition": "minecraft:entity_properties",
            "entity": "this",
            "predicate": {
              "nbt": "{Tags:[castle_ph4_enemy]}"
            }
          }
        ]
      }
    }
  },
  "requirements": [
    [
      "player_killed_by_ph4_mob"
    ]
  ],
  "rewards": {
    "function": "pillage:grand_illusioner/phase_4_st1_player_died"
  }
}
