{
  "parent": "ve:technical/root",
  "criteria": {
    "get_hit": {
      "trigger": "minecraft:entity_hurt_player",
      "conditions": {
        "player": [],
        "damage": {
          "source_entity": {
            "type": "minecraft:vindicator",
            "nbt": "{Tags:[ph4_final_enemy,ph4_cutscene]}"
          }
        }
      }
    }
  },
  "requirements": [
    [
      "get_hit"
    ]
  ],
  "rewards": {
    "function": "pillage:grand_illusioner/phase_4_player_gets_hit_final"
  }
}
