{
  "parent": "ve:technical/root",
  "criteria": {
    "hit_mob": {
      "trigger": "minecraft:player_hurt_entity",
      "conditions": {
        "entity": [
          {
            "condition": "minecraft:entity_properties",
            "entity": "this",
            "predicate": {
              "nbt": "{Tags:[ph4_illusion]}"
            }
          },
          {
            "condition": "minecraft:inverted",
            "term": {
              "condition": "minecraft:entity_properties",
              "entity": "this",
              "predicate": {
                "type": "minecraft:vindicator"
              }
            }
          }
        ]
      }
    }
  },
  "requirements": [
    [
      "hit_mob"
    ]
  ],
  "rewards": {
    "function": "pillage:grand_illusioner/phase_4_illusion_hit"
  }
}
