{
  "parent": "ve:technical/root",
  "criteria": {
    "hit_mob": {
      "trigger": "minecraft:player_hurt_entity",
      "conditions": {
        "entity": [
          {
            "condition": "minecraft:entity_properties",
            "entity": "this",
            "predicate": {
			  "type": "minecraft:vindicator",
              "nbt": "{Tags:[ph4_final_enemy]}"
            }
          }
        ]
      }
    }
  },
  "requirements": [
    [
      "hit_mob"
    ]
  ],
  "rewards": {
    "function": "pillage:grand_illusioner/phase_4_player_hit_mob_final"
  }
}
