{
  "parent": "ve:technical/root",
  "criteria": {
    "died": {
      "trigger": "minecraft:tick",
      "conditions": {
        "player": [
          {
            "condition": "minecraft:location_check",
            "predicate": {
              "dimension": "ve:castle_dimension"
            }
          },
          {
            "condition": "minecraft:entity_scores",
            "entity": "this",
            "scores": {
              "died": 1
            }
          }
        ]
      }
    }
  },
  "rewards": {
    "function": "pillage:player_died"
  }
}
