{
  "parent": "ve:technical/root",
  "criteria": {
    "horn": {
      "trigger": "minecraft:using_item",
      "conditions": {
        "player": [
          {
            "condition": "minecraft:entity_properties",
            "entity": "this",
            "predicate": {
              "nbt": "{Tags:[\"horn_usable\"]}"
            }
          }
        ],
        "item": {
          "items": [
            "minecraft:goat_horn"
          ],
          "nbt": "{instrument:\"minecraft:seek_goat_horn\",Castle:1b}"
        }
      }
    }
  },
  "requirements": [
    [
      "horn"
    ]
  ],
  "rewards": {
    "function": "ve:horn_seek_castle"
  }
}
