{
  "parent": "ve:technical/root",
  "criteria": {
    "shot_allay": {
      "trigger": "minecraft:player_hurt_entity",
      "conditions": {
        "damage": {
          "type": {
            "is_projectile": true,
            "direct_entity": {
              "type": "#minecraft:arrows"
            }
          }
        },
        "entity": [
          {
            "condition": "minecraft:entity_properties",
            "entity": "this",
            "predicate": {
              "type": "minecraft:allay",
              "nbt": "{Tags:[allay_key]}"
            }
          }
        ]
      }
    },
    "shot_slime": {
      "trigger": "minecraft:player_hurt_entity",
      "conditions": {
        "damage": {
          "type": {
            "is_projectile": true,
            "direct_entity": {
              "type": "#minecraft:arrows"
            }
          }
        },
        "entity": [
          {
            "condition": "minecraft:entity_properties",
            "entity": "this",
            "predicate": {
              "type": "minecraft:slime",
              "nbt": "{Tags:[hitbox]}"
            }
          }
        ]
      }
    }
  },
  "requirements": [
    [
      "shot_allay",
	  "shot_slime"
    ]
  ],
  "rewards": {
    "function": "pillage:grand_illusioner/phase_2_st4_start"
  }
}
