{
  "parent": "ve:technical/root",
  "criteria": {
    "sneak": {
      "trigger": "minecraft:tick",
      "conditions": {
        "player": [
          {
            "condition": "minecraft:entity_properties",
            "entity": "this",
            "predicate": {
              "flags": {
                "is_sneaking": true
              }
            }
          }
        ]
      }
    }
  },
  "requirements": [
    [
      "sneak"
    ]
  ],
  "rewards": {
    "function": "debug:config_shift_timer"
  }
}
