{
  "parent": "ve:technical/root",
  "criteria": {
    "trigger_raid": {
      "trigger": "minecraft:tick",
      "conditions": {
        "player": [
          {
            "condition": "minecraft:entity_scores",
            "entity": "this",
            "scores": {
              "raid_triggered": {
                "min": 1
              }
            }
          }
        ]
      }
    }
  },
  "requirements": [
    [
      "trigger_raid"
    ]
  ],
  "rewards": {
    "function": "pillage:raid_marker_summon"
  }
}
