{
  "parent": "ve:technical/root",
  "criteria": {
    "use_egg": {
      "trigger": "minecraft:item_used_on_block",
      "conditions": {
        "location": [
          {
            "condition": "minecraft:match_tool",
            "predicate": {
              "items": [
                "minecraft:evoker_spawn_egg"
              ]
            }
          }
        ]
      }
    }
  },
  "requirements": [
    [
      "use_egg"
    ]
  ],
  "rewards": {
    "function": "pillage:evoker_totem_lock"
  }
}
