{
  "parent": "ve:technical/root",
  "criteria": {
    "use_lantern": {
      "trigger": "minecraft:player_hurt_entity",
      "conditions": {
        "player": [
          {
            "condition": "minecraft:entity_properties",
            "entity": "this",
            "predicate": {
              "location": {
                "dimension": "pillage:castle_dimension"
              },
              "equipment": {
                "mainhand": {
                  "items": [
                    "minecraft:soul_lantern"
                  ]
                }
              }
            }
          }
        ],
        "entity": []
      }
    }
  },
  "requirements": [
    [
      "use_lantern"
    ]
  ],
  "rewards": {
    "function": "pillage:grand_illusioner/soul_lantern_attack"
  }
}
