{
  "name": "pillage:bastion_ghost/units/stages/stage_1",
  "fallback": "minecraft:empty",
  "elements": [
    {
      "weight": 1,
      "element": {
        "location": "pillage:bastion_ghost/units/stages/stage_1_0",
        "processors": "pillage:ghost_housing",
        "projection": "rigid",
        "element_type": "minecraft:single_pool_element"
      }
    },
    {
      "weight": 1,
      "element": {
        "location": "pillage:bastion_ghost/units/stages/stage_1_1",
        "processors": "pillage:ghost_housing",
        "projection": "rigid",
        "element_type": "minecraft:single_pool_element"
      }
    },
    {
      "weight": 1,
      "element": {
        "location": "pillage:bastion_ghost/units/stages/stage_1_2",
        "processors": "pillage:ghost_housing",
        "projection": "rigid",
        "element_type": "minecraft:single_pool_element"
      }
    },
    {
      "weight": 1,
      "element": {
        "location": "pillage:bastion_ghost/units/stages/stage_1_3",
        "processors": "pillage:ghost_housing",
        "projection": "rigid",
        "element_type": "minecraft:single_pool_element"
      }
    }
  ]
}
