{
  "processors": [
    {
      "processor_type": "minecraft:rule",
      "rules": [
        {
          "input_predicate": {
            "block": "minecraft:basalt",
            "predicate_type": "minecraft:random_block_match",
            "probability": 0.1
          },
          "location_predicate": {
            "predicate_type": "minecraft:always_true"
          },
          "output_state": {
            "Name": "minecraft:polished_basalt",
            "Properties": {
              "axis": "y"
            }
          }
        },
        {
          "input_predicate": {
            "block": "minecraft:polished_basalt",
            "predicate_type": "minecraft:random_block_match",
            "probability": 0.05
          },
          "location_predicate": {
            "predicate_type": "minecraft:always_true"
          },
          "output_state": {
            "Name": "minecraft:basalt",
            "Properties": {
              "axis": "y"
            }
          }
        },
        {
          "input_predicate": {
            "block": "minecraft:polished_basalt",
            "predicate_type": "minecraft:random_block_match",
            "probability": 1.0E-4
          },
          "location_predicate": {
            "predicate_type": "minecraft:always_true"
          },
          "output_state": {
            "Name": "minecraft:air"
          }
        },
        {
          "input_predicate": {
            "block": "minecraft:basalt",
            "predicate_type": "minecraft:random_block_match",
            "probability": 1.0E-4
          },
          "location_predicate": {
            "predicate_type": "minecraft:always_true"
          },
          "output_state": {
            "Name": "minecraft:air"
          }
        },
        {
          "input_predicate": {
            "block": "minecraft:lantern",
            "predicate_type": "minecraft:random_block_match",
            "probability": 0.02
          },
          "location_predicate": {
            "predicate_type": "minecraft:always_true"
          },
          "output_state": {
            "Name": "minecraft:air"
          }
        }
      ]
    }
  ]
}