{
  "processors": [
    {
      "processor_type": "minecraft:rule",
      "rules": [
        {
          "input_predicate": {
            "block": "minecraft:candle",
            "predicate_type": "minecraft:random_block_match",
            "probability": 0.1
          },
          "location_predicate": {
            "predicate_type": "minecraft:always_true"
          },
          "output_state": {
            "Name": "minecraft:air"
          }
        },
        {
          "input_predicate": {
            "block_state": {
              "Name": "minecraft:candle",
              "Properties": {
                "lit": "true",
                "waterlogged": "false",
                "candles": "4"
              }
            },
            "predicate_type": "minecraft:random_blockstate_match",
            "probability": 0.3
          },
          "location_predicate": {
            "predicate_type": "minecraft:always_true"
          },
          "output_state": {
            "Name": "minecraft:candle",
            "Properties": {
              "lit": "true",
              "waterlogged": "false",
              "candles": "1"
            }
          }
        },
        {
          "input_predicate": {
            "block_state": {
              "Name": "minecraft:candle",
              "Properties": {
                "lit": "true",
                "waterlogged": "false",
                "candles": "4"
              }
            },
            "predicate_type": "minecraft:random_blockstate_match",
            "probability": 0.2
          },
          "location_predicate": {
            "predicate_type": "minecraft:always_true"
          },
          "output_state": {
            "Name": "minecraft:candle",
            "Properties": {
              "lit": "true",
              "waterlogged": "false",
              "candles": "2"
            }
          }
        },
        {
          "input_predicate": {
            "block_state": {
              "Name": "minecraft:candle",
              "Properties": {
                "lit": "true",
                "waterlogged": "false",
                "candles": "4"
              }
            },
            "predicate_type": "minecraft:random_blockstate_match",
            "probability": 0.2
          },
          "location_predicate": {
            "predicate_type": "minecraft:always_true"
          },
          "output_state": {
            "Name": "minecraft:candle",
            "Properties": {
              "lit": "true",
              "waterlogged": "false",
              "candles": "3"
            }
          }
        },
        {
          "input_predicate": {
            "block_state": {
              "Name": "minecraft:candle",
              "Properties": {
                "lit": "true",
                "waterlogged": "false",
                "candles": "4"
              }
            },
            "predicate_type": "minecraft:blockstate_match"
          },
          "location_predicate": {
            "predicate_type": "minecraft:always_true"
          },
          "output_state": {
            "Name": "minecraft:candle",
            "Properties": {
              "lit": "true",
              "waterlogged": "false",
              "candles": "4"
            }
          }
        }
      ]
    }
  ]
}