{
  "processors": [
    {
      "processor_type": "minecraft:rule",
      "rules": [
        {
          "input_predicate": {
            "block": "minecraft:mossy_cobblestone",
            "predicate_type": "minecraft:random_block_match",
            "probability": 0.5
          },
          "location_predicate": {
            "predicate_type": "minecraft:always_true"
          },
          "output_state": {
            "Name": "minecraft:cobblestone"
          }
        },
        {
          "input_predicate": {
            "block": "minecraft:stone_bricks",
            "predicate_type": "minecraft:random_block_match",
            "probability": 0.22
          },
          "location_predicate": {
            "predicate_type": "minecraft:always_true"
          },
          "output_state": {
            "Name": "minecraft:cracked_stone_bricks"
          }
        },
        {
          "input_predicate": {
            "block": "minecraft:stone_bricks",
            "predicate_type": "minecraft:random_block_match",
            "probability": 0.1
          },
          "location_predicate": {
            "predicate_type": "minecraft:always_true"
          },
          "output_state": {
            "Name": "minecraft:stone"
          }
        },
        {
          "input_predicate": {
            "block": "minecraft:vine",
            "predicate_type": "minecraft:random_block_match",
            "probability": 0.4
          },
          "location_predicate": {
            "predicate_type": "minecraft:always_true"
          },
          "output_state": {
            "Name": "minecraft:air"
          }
        },
        {
          "input_predicate": {
            "block": "minecraft:lantern",
            "predicate_type": "minecraft:random_block_match",
            "probability": 0.02
          },
          "location_predicate": {
            "predicate_type": "minecraft:always_true"
          },
          "output_state": {
            "Name": "minecraft:air"
          }
        },
        {
          "input_predicate": {
            "block_state": {
              "Name": "minecraft:candle",
              "Properties": {
              "candle": "4",
              "lit": "true",
              "waterlogged": "false"
              }
            },
            "predicate_type": "minecraft:random_blockstate_match",
            "probability": 0.2
          },
          "location_predicate": {
            "predicate_type": "minecraft:always_true"
          },
          "output_state": {
            "Name": "minecraft:candle",
            "Properties": {
              "candle": "3",
              "lit": "true",
              "waterlogged": "false"
            }
          }
        },
        {
          "input_predicate": {
            "block_state": {
              "Name": "minecraft:mossy_cobblestone_wall",
              "Properties": {
              "east": "none",
              "west": "none",
              "north": "low",
              "south": "low",
              "up": "false",
              "waterlogged": "false"
              }
            },
            "predicate_type": "minecraft:random_blockstate_match",
            "probability": 0.5
          },
          "location_predicate": {
            "predicate_type": "minecraft:always_true"
          },
          "output_state": {
            "Name": "minecraft:cobblestone_wall",
            "Properties": {
              "east": "none",
              "west": "none",
              "north": "low",
              "south": "low",
              "up": "false",
              "waterlogged": "false"
            }
          }
        },
        {
          "input_predicate": {
            "block_state": {
              "Name": "minecraft:mossy_cobblestone_wall",
              "Properties": {
              "east": "none",
              "west": "none",
              "north": "low",
              "south": "low",
              "up": "false",
              "waterlogged": "false"
              }
            },
            "predicate_type": "minecraft:random_blockstate_match",
            "probability": 0.5
          },
          "location_predicate": {
            "predicate_type": "minecraft:always_true"
          },
          "output_state": {
            "Name": "minecraft:cobblestone_wall",
            "Properties": {
              "east": "none",
              "west": "none",
              "north": "low",
              "south": "low",
              "up": "false",
              "waterlogged": "false"
            }
          }
        },
        {
          "input_predicate": {
            "block_state": {
              "Name": "minecraft:mossy_cobblestone_wall",
              "Properties": {
              "east": "none",
              "west": "none",
              "north": "none",
              "south": "none",
              "up": "true",
              "waterlogged": "false"
              }
            },
            "predicate_type": "minecraft:random_blockstate_match",
            "probability": 0.5
          },
          "location_predicate": {
            "predicate_type": "minecraft:always_true"
          },
          "output_state": {
            "Name": "minecraft:cobblestone_wall",
            "Properties": {
              "east": "none",
              "west": "none",
              "north": "none",
              "south": "none",
              "up": "true",
              "waterlogged": "false"
            }
          }
        },
        {
          "input_predicate": {
            "block_state": {
              "Name": "minecraft:mossy_cobblestone_wall",
              "Properties": {
              "east": "low",
              "west": "none",
              "north": "none",
              "south": "none",
              "up": "true",
              "waterlogged": "false"
              }
            },
            "predicate_type": "minecraft:random_blockstate_match",
            "probability": 0.5
          },
          "location_predicate": {
            "predicate_type": "minecraft:always_true"
          },
          "output_state": {
            "Name": "minecraft:cobblestone_wall",
            "Properties": {
              "east": "low",
              "west": "none",
              "north": "none",
              "south": "none",
              "up": "true",
              "waterlogged": "false"
            }
          }
        },
        {
          "input_predicate": {
            "block_state": {
              "Name": "minecraft:mossy_cobblestone_wall",
              "Properties": {
              "east": "low",
              "west": "low",
              "north": "none",
              "south": "none",
              "up": "true",
              "waterlogged": "false"
              }
            },
            "predicate_type": "minecraft:random_blockstate_match",
            "probability": 0.5
          },
          "location_predicate": {
            "predicate_type": "minecraft:always_true"
          },
          "output_state": {
            "Name": "minecraft:cobblestone_wall",
            "Properties": {
              "east": "low",
              "west": "low",
              "north": "none",
              "south": "none",
              "up": "true",
              "waterlogged": "false"
            }
          }
        },
        {
          "input_predicate": {
            "block_state": {
              "Name": "minecraft:mossy_cobblestone_wall",
              "Properties": {
              "east": "low",
              "west": "none",
              "north": "low",
              "south": "none",
              "up": "true",
              "waterlogged": "false"
              }
            },
            "predicate_type": "minecraft:random_blockstate_match",
            "probability": 0.5
          },
          "location_predicate": {
            "predicate_type": "minecraft:always_true"
          },
          "output_state": {
            "Name": "minecraft:cobblestone_wall",
            "Properties": {
              "east": "low",
              "west": "none",
              "north": "low",
              "south": "none",
              "up": "true",
              "waterlogged": "false"
            }
          }
        },
        {
          "input_predicate": {
            "block_state": {
              "Name": "minecraft:mossy_cobblestone_wall",
              "Properties": {
              "east": "low",
              "west": "low",
              "north": "low",
              "south": "none",
              "up": "true",
              "waterlogged": "false"
              }
            },
            "predicate_type": "minecraft:random_blockstate_match",
            "probability": 0.5
          },
          "location_predicate": {
            "predicate_type": "minecraft:always_true"
          },
          "output_state": {
            "Name": "minecraft:cobblestone_wall",
            "Properties": {
              "east": "low",
              "west": "low",
              "north": "low",
              "south": "none",
              "up": "true",
              "waterlogged": "false"
            }
          }
        },
        {
          "input_predicate": {
            "block_state": {
              "Name": "minecraft:mossy_cobblestone_wall",
              "Properties": {
              "east": "low",
              "west": "none",
              "north": "none",
              "south": "low",
              "up": "true",
              "waterlogged": "false"
              }
            },
            "predicate_type": "minecraft:random_blockstate_match",
            "probability": 0.5
          },
          "location_predicate": {
            "predicate_type": "minecraft:always_true"
          },
          "output_state": {
            "Name": "minecraft:cobblestone_wall",
            "Properties": {
              "east": "low",
              "west": "none",
              "north": "none",
              "south": "low",
              "up": "true",
              "waterlogged": "false"
            }
          }
        },
        {
          "input_predicate": {
            "block_state": {
              "Name": "minecraft:mossy_cobblestone_wall",
              "Properties": {
              "east": "low",
              "west": "low",
              "north": "none",
              "south": "low",
              "up": "true",
              "waterlogged": "false"
              }
            },
            "predicate_type": "minecraft:random_blockstate_match",
            "probability": 0.5
          },
          "location_predicate": {
            "predicate_type": "minecraft:always_true"
          },
          "output_state": {
            "Name": "minecraft:cobblestone_wall",
            "Properties": {
              "east": "low",
              "west": "low",
              "north": "none",
              "south": "low",
              "up": "true",
              "waterlogged": "false"
            }
          }
        },
        {
          "input_predicate": {
            "block_state": {
              "Name": "minecraft:mossy_cobblestone_wall",
              "Properties": {
              "east": "low",
              "west": "none",
              "north": "low",
              "south": "low",
              "up": "true",
              "waterlogged": "false"
              }
            },
            "predicate_type": "minecraft:random_blockstate_match",
            "probability": 0.5
          },
          "location_predicate": {
            "predicate_type": "minecraft:always_true"
          },
          "output_state": {
            "Name": "minecraft:cobblestone_wall",
            "Properties": {
              "east": "low",
              "west": "none",
              "north": "low",
              "south": "low",
              "up": "true",
              "waterlogged": "false"
            }
          }
        },
        {
          "input_predicate": {
            "block_state": {
              "Name": "minecraft:mossy_cobblestone_wall",
              "Properties": {
              "east": "low",
              "west": "low",
              "north": "low",
              "south": "low",
              "up": "true",
              "waterlogged": "false"
              }
            },
            "predicate_type": "minecraft:random_blockstate_match",
            "probability": 0.5
          },
          "location_predicate": {
            "predicate_type": "minecraft:always_true"
          },
          "output_state": {
            "Name": "minecraft:cobblestone_wall",
            "Properties": {
              "east": "low",
              "west": "low",
              "north": "low",
              "south": "low",
              "up": "true",
              "waterlogged": "false"
            }
          }
        },
        {
          "input_predicate": {
            "block_state": {
              "Name": "minecraft:mossy_cobblestone_wall",
              "Properties": {
              "east": "none",
              "west": "low",
              "north": "none",
              "south": "none",
              "up": "true",
              "waterlogged": "false"
              }
            },
            "predicate_type": "minecraft:random_blockstate_match",
            "probability": 0.5
          },
          "location_predicate": {
            "predicate_type": "minecraft:always_true"
          },
          "output_state": {
            "Name": "minecraft:cobblestone_wall",
            "Properties": {
              "east": "none",
              "west": "low",
              "north": "none",
              "south": "none",
              "up": "true",
              "waterlogged": "false"
            }
          }
        },
        {
          "input_predicate": {
            "block_state": {
              "Name": "minecraft:mossy_cobblestone_wall",
              "Properties": {
              "east": "none",
              "west": "low",
              "north": "low",
              "south": "none",
              "up": "true",
              "waterlogged": "false"
              }
            },
            "predicate_type": "minecraft:random_blockstate_match",
            "probability": 0.5
          },
          "location_predicate": {
            "predicate_type": "minecraft:always_true"
          },
          "output_state": {
            "Name": "minecraft:cobblestone_wall",
            "Properties": {
              "east": "none",
              "west": "low",
              "north": "low",
              "south": "none",
              "up": "true",
              "waterlogged": "false"
            }
          }
        },
        {
          "input_predicate": {
            "block_state": {
              "Name": "minecraft:mossy_cobblestone_wall",
              "Properties": {
              "east": "none",
              "west": "low",
              "north": "none",
              "south": "low",
              "up": "true",
              "waterlogged": "false"
              }
            },
            "predicate_type": "minecraft:random_blockstate_match",
            "probability": 0.5
          },
          "location_predicate": {
            "predicate_type": "minecraft:always_true"
          },
          "output_state": {
            "Name": "minecraft:cobblestone_wall",
            "Properties": {
              "east": "none",
              "west": "low",
              "north": "none",
              "south": "low",
              "up": "true",
              "waterlogged": "false"
            }
          }
        },
        {
          "input_predicate": {
            "block_state": {
              "Name": "minecraft:mossy_cobblestone_wall",
              "Properties": {
              "east": "none",
              "west": "low",
              "north": "low",
              "south": "low",
              "up": "true",
              "waterlogged": "false"
              }
            },
            "predicate_type": "minecraft:random_blockstate_match",
            "probability": 0.5
          },
          "location_predicate": {
            "predicate_type": "minecraft:always_true"
          },
          "output_state": {
            "Name": "minecraft:cobblestone_wall",
            "Properties": {
              "east": "none",
              "west": "low",
              "north": "low",
              "south": "low",
              "up": "true",
              "waterlogged": "false"
            }
          }
        },
        {
          "input_predicate": {
            "block_state": {
              "Name": "minecraft:mossy_cobblestone_wall",
              "Properties": {
              "east": "none",
              "west": "none",
              "north": "low",
              "south": "none",
              "up": "true",
              "waterlogged": "false"
              }
            },
            "predicate_type": "minecraft:random_blockstate_match",
            "probability": 0.5
          },
          "location_predicate": {
            "predicate_type": "minecraft:always_true"
          },
          "output_state": {
            "Name": "minecraft:cobblestone_wall",
            "Properties": {
              "east": "none",
              "west": "none",
              "north": "low",
              "south": "none",
              "up": "true",
              "waterlogged": "false"
            }
          }
        },
        {
          "input_predicate": {
            "block_state": {
              "Name": "minecraft:mossy_cobblestone_wall",
              "Properties": {
              "east": "none",
              "west": "none",
              "north": "low",
              "south": "low",
              "up": "true",
              "waterlogged": "false"
              }
            },
            "predicate_type": "minecraft:random_blockstate_match",
            "probability": 0.5
          },
          "location_predicate": {
            "predicate_type": "minecraft:always_true"
          },
          "output_state": {
            "Name": "minecraft:cobblestone_wall",
            "Properties": {
              "east": "none",
              "west": "none",
              "north": "low",
              "south": "low",
              "up": "true",
              "waterlogged": "false"
            }
          }
        },
        {
          "input_predicate": {
            "block_state": {
              "Name": "minecraft:mossy_cobblestone_wall",
              "Properties": {
              "east": "none",
              "west": "none",
              "north": "none",
              "south": "low",
              "up": "true",
              "waterlogged": "false"
              }
            },
            "predicate_type": "minecraft:random_blockstate_match",
            "probability": 0.5
          },
          "location_predicate": {
            "predicate_type": "minecraft:always_true"
          },
          "output_state": {
            "Name": "minecraft:cobblestone_wall",
            "Properties": {
              "east": "none",
              "west": "none",
              "north": "none",
              "south": "low",
              "up": "true",
              "waterlogged": "false"
            }
          }
        },
        {
          "input_predicate": {
            "block_state": {
              "Name": "minecraft:mossy_cobblestone_stairs",
              "Properties": {
              "facing": "west",
              "half": "bottom",
              "shape": "straight",
              "waterlogged": "false"
              }
            },
            "predicate_type": "minecraft:random_blockstate_match",
            "probability": 0.5
          },
          "location_predicate": {
            "predicate_type": "minecraft:always_true"
          },
          "output_state": {
            "Name": "minecraft:cobblestone_stairs",
            "Properties": {
              "facing": "west",
              "half": "bottom",
              "shape": "straight",
              "waterlogged": "false"
            }
          }
        },
        {
          "input_predicate": {
            "block_state": {
              "Name": "minecraft:mossy_cobblestone_stairs",
              "Properties": {
              "facing": "east",
              "half": "bottom",
              "shape": "straight",
              "waterlogged": "false"
              }
            },
            "predicate_type": "minecraft:random_blockstate_match",
            "probability": 0.5
          },
          "location_predicate": {
            "predicate_type": "minecraft:always_true"
          },
          "output_state": {
            "Name": "minecraft:cobblestone_stairs",
            "Properties": {
              "facing": "east",
              "half": "bottom",
              "shape": "straight",
              "waterlogged": "false"
            }
          }
        },
        {
          "input_predicate": {
            "block_state": {
              "Name": "minecraft:mossy_cobblestone_stairs",
              "Properties": {
              "facing": "north",
              "half": "bottom",
              "shape": "straight",
              "waterlogged": "false"
              }
            },
            "predicate_type": "minecraft:random_blockstate_match",
            "probability": 0.5
          },
          "location_predicate": {
            "predicate_type": "minecraft:always_true"
          },
          "output_state": {
            "Name": "minecraft:cobblestone_stairs",
            "Properties": {
              "facing": "north",
              "half": "bottom",
              "shape": "straight",
              "waterlogged": "false"
            }
          }
        },
        {
          "input_predicate": {
            "block_state": {
              "Name": "minecraft:mossy_cobblestone_stairs",
              "Properties": {
              "facing": "south",
              "half": "bottom",
              "shape": "straight",
              "waterlogged": "false"
              }
            },
            "predicate_type": "minecraft:random_blockstate_match",
            "probability": 0.5
          },
          "location_predicate": {
            "predicate_type": "minecraft:always_true"
          },
          "output_state": {
            "Name": "minecraft:cobblestone_stairs",
            "Properties": {
              "facing": "south",
              "half": "bottom",
              "shape": "straight",
              "waterlogged": "false"
            }
          }
        },
        {
          "input_predicate": {
            "block_state": {
              "Name": "minecraft:mossy_cobblestone_stairs",
              "Properties": {
              "facing": "east",
              "half": "top",
              "shape": "straight",
              "waterlogged": "false"
              }
            },
            "predicate_type": "minecraft:random_blockstate_match",
            "probability": 0.5
          },
          "location_predicate": {
            "predicate_type": "minecraft:always_true"
          },
          "output_state": {
            "Name": "minecraft:cobblestone_stairs",
            "Properties": {
              "facing": "east",
              "half": "top",
              "shape": "straight",
              "waterlogged": "false"
            }
          }
        },
        {
          "input_predicate": {
            "block_state": {
              "Name": "minecraft:mossy_cobblestone_stairs",
              "Properties": {
              "facing": "west",
              "half": "top",
              "shape": "straight",
              "waterlogged": "false"
              }
            },
            "predicate_type": "minecraft:random_blockstate_match",
            "probability": 0.5
          },
          "location_predicate": {
            "predicate_type": "minecraft:always_true"
          },
          "output_state": {
            "Name": "minecraft:cobblestone_stairs",
            "Properties": {
              "facing": "west",
              "half": "top",
              "shape": "straight",
              "waterlogged": "false"
            }
          }
        },
        {
          "input_predicate": {
            "block_state": {
              "Name": "minecraft:mossy_cobblestone_stairs",
              "Properties": {
              "facing": "north",
              "half": "top",
              "shape": "straight",
              "waterlogged": "false"
              }
            },
            "predicate_type": "minecraft:random_blockstate_match",
            "probability": 0.5
          },
          "location_predicate": {
            "predicate_type": "minecraft:always_true"
          },
          "output_state": {
            "Name": "minecraft:cobblestone_stairs",
            "Properties": {
              "facing": "north",
              "half": "top",
              "shape": "straight",
              "waterlogged": "false"
            }
          }
        },
        {
          "input_predicate": {
            "block_state": {
              "Name": "minecraft:mossy_cobblestone_stairs",
              "Properties": {
              "facing": "south",
              "half": "top",
              "shape": "straight",
              "waterlogged": "false"
              }
            },
            "predicate_type": "minecraft:random_blockstate_match",
            "probability": 0.5
          },
          "location_predicate": {
            "predicate_type": "minecraft:always_true"
          },
          "output_state": {
            "Name": "minecraft:cobblestone_stairs",
            "Properties": {
              "facing": "south",
              "half": "top",
              "shape": "straight",
              "waterlogged": "false"
            }
          }
        },
        {
          "input_predicate": {
            "block_state": {
              "Name": "minecraft:candle",
              "Properties": {
              "candle": "4",
              "lit": "true",
              "waterlogged": "false"
              }
            },
            "predicate_type": "minecraft:random_blockstate_match",
            "probability": 0.2
          },
          "location_predicate": {
            "predicate_type": "minecraft:always_true"
          },
          "output_state": {
            "Name": "minecraft:candle",
            "Properties": {
              "candle": "2",
              "lit": "true",
              "waterlogged": "false"
            }
          }
        },
        {
          "input_predicate": {
            "block_state": {
              "Name": "minecraft:candle",
              "Properties": {
              "candle": "4",
              "lit": "true",
              "waterlogged": "false"
              }
            },
            "predicate_type": "minecraft:random_blockstate_match",
            "probability": 0.2
          },
          "location_predicate": {
            "predicate_type": "minecraft:always_true"
          },
          "output_state": {
            "Name": "minecraft:candle",
            "Properties": {
              "candle": "1",
              "lit": "true",
              "waterlogged": "false"
            }
          }
        },
        {
          "input_predicate": {
            "block_state": {
              "Name": "minecraft:bee_nest",
              "Properties": {
              "facing": "south",
              "honey_level": "0"
              }
            },
            "predicate_type": "minecraft:random_blockstate_match",
            "probability": 0.1
          },
          "location_predicate": {
            "predicate_type": "minecraft:always_true"
          },
          "output_state": {
            "Name": "minecraft:bee_nest",
            "Properties": {
              "facing": "south",
              "honey_level": "1"
            }
          }
        },
        {
          "input_predicate": {
            "block_state": {
              "Name": "minecraft:bee_nest",
              "Properties": {
              "facing": "south",
              "honey_level": "0"
              }
            },
            "predicate_type": "minecraft:random_blockstate_match",
            "probability": 0.1
          },
          "location_predicate": {
            "predicate_type": "minecraft:always_true"
          },
          "output_state": {
            "Name": "minecraft:bee_nest",
            "Properties": {
              "facing": "south",
              "honey_level": "2"
            }
          }
        },
        {
          "input_predicate": {
            "block_state": {
              "Name": "minecraft:bee_nest",
              "Properties": {
              "facing": "south",
              "honey_level": "0"
              }
            },
            "predicate_type": "minecraft:random_blockstate_match",
            "probability": 0.1
          },
          "location_predicate": {
            "predicate_type": "minecraft:always_true"
          },
          "output_state": {
            "Name": "minecraft:bee_nest",
            "Properties": {
              "facing": "south",
              "honey_level": "3"
            }
          }
        },
        {
          "input_predicate": {
            "block_state": {
              "Name": "minecraft:bee_nest",
              "Properties": {
              "facing": "south",
              "honey_level": "0"
              }
            },
            "predicate_type": "minecraft:random_blockstate_match",
            "probability": 0.1
          },
          "location_predicate": {
            "predicate_type": "minecraft:always_true"
          },
          "output_state": {
            "Name": "minecraft:bee_nest",
            "Properties": {
              "facing": "south",
              "honey_level": "4"
            }
          }
        },
        {
          "input_predicate": {
            "block_state": {
              "Name": "minecraft:bee_nest",
              "Properties": {
              "facing": "south",
              "honey_level": "0"
              }
            },
            "predicate_type": "minecraft:random_blockstate_match",
            "probability": 0.1
          },
          "location_predicate": {
            "predicate_type": "minecraft:always_true"
          },
          "output_state": {
            "Name": "minecraft:bee_nest",
            "Properties": {
              "facing": "south",
              "honey_level": "5"
            }
          }
        },
		{
          "input_predicate": {
            "block_state": {
              "Name": "minecraft:bee_nest",
              "Properties": {
              "facing": "east",
              "honey_level": "0"
              }
            },
            "predicate_type": "minecraft:random_blockstate_match",
            "probability": 0.1
          },
          "location_predicate": {
            "predicate_type": "minecraft:always_true"
          },
          "output_state": {
            "Name": "minecraft:bee_nest",
            "Properties": {
              "facing": "east",
              "honey_level": "1"
            }
          }
        },
        {
          "input_predicate": {
            "block_state": {
              "Name": "minecraft:bee_nest",
              "Properties": {
              "facing": "east",
              "honey_level": "0"
              }
            },
            "predicate_type": "minecraft:random_blockstate_match",
            "probability": 0.1
          },
          "location_predicate": {
            "predicate_type": "minecraft:always_true"
          },
          "output_state": {
            "Name": "minecraft:bee_nest",
            "Properties": {
              "facing": "east",
              "honey_level": "2"
            }
          }
        },
        {
          "input_predicate": {
            "block_state": {
              "Name": "minecraft:bee_nest",
              "Properties": {
              "facing": "east",
              "honey_level": "0"
              }
            },
            "predicate_type": "minecraft:random_blockstate_match",
            "probability": 0.1
          },
          "location_predicate": {
            "predicate_type": "minecraft:always_true"
          },
          "output_state": {
            "Name": "minecraft:bee_nest",
            "Properties": {
              "facing": "east",
              "honey_level": "3"
            }
          }
        },
        {
          "input_predicate": {
            "block_state": {
              "Name": "minecraft:bee_nest",
              "Properties": {
              "facing": "east",
              "honey_level": "0"
              }
            },
            "predicate_type": "minecraft:random_blockstate_match",
            "probability": 0.1
          },
          "location_predicate": {
            "predicate_type": "minecraft:always_true"
          },
          "output_state": {
            "Name": "minecraft:bee_nest",
            "Properties": {
              "facing": "east",
              "honey_level": "4"
            }
          }
        },
        {
          "input_predicate": {
            "block_state": {
              "Name": "minecraft:bee_nest",
              "Properties": {
              "facing": "east",
              "honey_level": "0"
              }
            },
            "predicate_type": "minecraft:random_blockstate_match",
            "probability": 0.1
          },
          "location_predicate": {
            "predicate_type": "minecraft:always_true"
          },
          "output_state": {
            "Name": "minecraft:bee_nest",
            "Properties": {
              "facing": "east",
              "honey_level": "5"
            }
          }
        },
		{
          "input_predicate": {
            "block_state": {
              "Name": "minecraft:bee_nest",
              "Properties": {
              "facing": "north",
              "honey_level": "0"
              }
            },
            "predicate_type": "minecraft:random_blockstate_match",
            "probability": 0.1
          },
          "location_predicate": {
            "predicate_type": "minecraft:always_true"
          },
          "output_state": {
            "Name": "minecraft:bee_nest",
            "Properties": {
              "facing": "north",
              "honey_level": "1"
            }
          }
        },
        {
          "input_predicate": {
            "block_state": {
              "Name": "minecraft:bee_nest",
              "Properties": {
              "facing": "north",
              "honey_level": "0"
              }
            },
            "predicate_type": "minecraft:random_blockstate_match",
            "probability": 0.1
          },
          "location_predicate": {
            "predicate_type": "minecraft:always_true"
          },
          "output_state": {
            "Name": "minecraft:bee_nest",
            "Properties": {
              "facing": "north",
              "honey_level": "2"
            }
          }
        },
        {
          "input_predicate": {
            "block_state": {
              "Name": "minecraft:bee_nest",
              "Properties": {
              "facing": "north",
              "honey_level": "0"
              }
            },
            "predicate_type": "minecraft:random_blockstate_match",
            "probability": 0.1
          },
          "location_predicate": {
            "predicate_type": "minecraft:always_true"
          },
          "output_state": {
            "Name": "minecraft:bee_nest",
            "Properties": {
              "facing": "north",
              "honey_level": "3"
            }
          }
        },
        {
          "input_predicate": {
            "block_state": {
              "Name": "minecraft:bee_nest",
              "Properties": {
              "facing": "north",
              "honey_level": "0"
              }
            },
            "predicate_type": "minecraft:random_blockstate_match",
            "probability": 0.1
          },
          "location_predicate": {
            "predicate_type": "minecraft:always_true"
          },
          "output_state": {
            "Name": "minecraft:bee_nest",
            "Properties": {
              "facing": "north",
              "honey_level": "4"
            }
          }
        },
        {
          "input_predicate": {
            "block_state": {
              "Name": "minecraft:bee_nest",
              "Properties": {
              "facing": "north",
              "honey_level": "0"
              }
            },
            "predicate_type": "minecraft:random_blockstate_match",
            "probability": 0.1
          },
          "location_predicate": {
            "predicate_type": "minecraft:always_true"
          },
          "output_state": {
            "Name": "minecraft:bee_nest",
            "Properties": {
              "facing": "north",
              "honey_level": "5"
            }
          }
        },
		{
          "input_predicate": {
            "block_state": {
              "Name": "minecraft:bee_nest",
              "Properties": {
              "facing": "west",
              "honey_level": "0"
              }
            },
            "predicate_type": "minecraft:random_blockstate_match",
            "probability": 0.1
          },
          "location_predicate": {
            "predicate_type": "minecraft:always_true"
          },
          "output_state": {
            "Name": "minecraft:bee_nest",
            "Properties": {
              "facing": "west",
              "honey_level": "1"
            }
          }
        },
        {
          "input_predicate": {
            "block_state": {
              "Name": "minecraft:bee_nest",
              "Properties": {
              "facing": "west",
              "honey_level": "0"
              }
            },
            "predicate_type": "minecraft:random_blockstate_match",
            "probability": 0.1
          },
          "location_predicate": {
            "predicate_type": "minecraft:always_true"
          },
          "output_state": {
            "Name": "minecraft:bee_nest",
            "Properties": {
              "facing": "west",
              "honey_level": "2"
            }
          }
        },
        {
          "input_predicate": {
            "block_state": {
              "Name": "minecraft:bee_nest",
              "Properties": {
              "facing": "west",
              "honey_level": "0"
              }
            },
            "predicate_type": "minecraft:random_blockstate_match",
            "probability": 0.1
          },
          "location_predicate": {
            "predicate_type": "minecraft:always_true"
          },
          "output_state": {
            "Name": "minecraft:bee_nest",
            "Properties": {
              "facing": "west",
              "honey_level": "3"
            }
          }
        },
        {
          "input_predicate": {
            "block_state": {
              "Name": "minecraft:bee_nest",
              "Properties": {
              "facing": "west",
              "honey_level": "0"
              }
            },
            "predicate_type": "minecraft:random_blockstate_match",
            "probability": 0.1
          },
          "location_predicate": {
            "predicate_type": "minecraft:always_true"
          },
          "output_state": {
            "Name": "minecraft:bee_nest",
            "Properties": {
              "facing": "west",
              "honey_level": "4"
            }
          }
        },
        {
          "input_predicate": {
            "block_state": {
              "Name": "minecraft:bee_nest",
              "Properties": {
              "facing": "west",
              "honey_level": "0"
              }
            },
            "predicate_type": "minecraft:random_blockstate_match",
            "probability": 0.1
          },
          "location_predicate": {
            "predicate_type": "minecraft:always_true"
          },
          "output_state": {
            "Name": "minecraft:bee_nest",
            "Properties": {
              "facing": "west",
              "honey_level": "5"
            }
          }
        }
      ]
    }
  ]
}