{
  "processors": [
    {
      "processor_type": "minecraft:rule",
      "rules": [
        {
          "input_predicate": {
            "block": "minecraft:potted_dead_bush",
            "predicate_type": "minecraft:random_block_match",
            "probability": 0.25
          },
          "location_predicate": {
            "predicate_type": "minecraft:always_true"
          },
          "output_state": {
            "Name": "minecraft:potted_cactus"
          }
        },
        {
          "input_predicate": {
            "block": "minecraft:potted_dead_bush",
            "predicate_type": "minecraft:random_block_match",
            "probability": 0.25
          },
          "location_predicate": {
            "predicate_type": "minecraft:always_true"
          },
          "output_state": {
            "Name": "minecraft:potted_oak_sapling"
          }
        },
        {
          "input_predicate": {
            "block": "minecraft:potted_dead_bush",
            "predicate_type": "minecraft:random_block_match",
            "probability": 0.17
          },
          "location_predicate": {
            "predicate_type": "minecraft:always_true"
          },
          "output_state": {
            "Name": "minecraft:flower_pot"
          }
        }
      ]
    }
  ]
}