{
  "processors": [
    {
      "processor_type": "minecraft:rule",
      "rules": [
        {
          "input_predicate": {
            "block_state": {
              "Name": "minecraft:water_cauldron",
              "Properties": {
              "level": "3"
              }
            },
            "predicate_type": "minecraft:random_blockstate_match",
            "probability": 0.3
          },
          "location_predicate": {
            "predicate_type": "minecraft:always_true"
          },
          "output_state": {
            "Name": "minecraft:water_cauldron",
            "Properties": {
              "level": "1"
            }
          }
        },
        {
          "input_predicate": {
            "block_state": {
              "Name": "minecraft:water_cauldron",
              "Properties": {
              "level": "3"
              }
            },
            "predicate_type": "minecraft:random_blockstate_match",
            "probability": 0.3
          },
          "location_predicate": {
            "predicate_type": "minecraft:always_true"
          },
          "output_state": {
            "Name": "minecraft:water_cauldron",
            "Properties": {
              "level": "2"
            }
          }
        },
        {
          "input_predicate": {
            "block_state": {
              "Name": "minecraft:water_cauldron",
              "Properties": {
              "level": "3"
              }
            },
            "predicate_type": "minecraft:random_blockstate_match",
            "probability": 0.3
          },
          "location_predicate": {
            "predicate_type": "minecraft:always_true"
          },
          "output_state": {
            "Name": "minecraft:cauldron"
          }
        }
      ]
    }
  ]
}