{
  "display": {
    "icon": {
      "item": "minecraft:bow"
    },
    "title": {
      "translate": "advancements.adventure.defeat_grand_illusioner.title"
    },
    "description": {
      "translate": "advancements.adventure.defeat_grand_illusioner.description"
    },
    "frame": "challenge",
    "show_toast": true,
    "announce_to_chat": true,
    "hidden": true
  },
  "parent": "eternal:village/find_pillager_town",
  "criteria": {
    "illusioner": {
      "trigger": "minecraft:impossible"
    }
  },
  "requirements": [
    [
      "illusioner"
    ]
  ],
  "rewards": {
    "experience": 600
  }
}
