{
  "display": {
    "icon": {
      "item": "minecraft:lapis_lazuli",
      "nbt": "{Enchantments:[{}]}"
    },
    "title": {
      "translate": "advancements.adventure.find_charged_lapis.title"
    },
    "description": {
      "translate": "advancements.adventure.find_charged_lapis.description"
    },
    "frame": "goal",
    "show_toast": true,
    "announce_to_chat": true,
    "hidden": false
  },
  "parent": "pillage:adventure/defeat_grand_illusioner",
  "criteria": {
    "castle": {
      "trigger": "minecraft:player_generates_container_loot",
      "conditions": {
        "loot_table": "pillage:chests/pillager_town/castle"
      }
    }
  },
  "requirements": [
    [
      "castle"
    ]
  ]
}
