{
  "display": {
    "icon": {
      "item": "minecraft:bow"
    },
    "title": {
      "translate": "advancements.adventure.kill_illusioner.title"
    },
    "description": {
      "translate": "advancements.adventure.kill_illusioner.description"
    },
    "frame": "goal",
    "show_toast": true,
    "announce_to_chat": true,
    "hidden": false
  },
  "parent": "pillage:adventure/burn_ominous_banner",
  "criteria": {
    "illusioner": {
      "trigger": "minecraft:player_killed_entity",
      "conditions": {
        "entity": [
          {
            "condition": "minecraft:entity_properties",
            "entity": "this",
            "predicate": {
              "type": "minecraft:illusioner"
            }
          },
          {
            "condition": "minecraft:inverted",
            "term": {
              "condition": "minecraft:entity_properties",
              "entity": "this",
              "predicate": {
                "nbt": "{Tags:[castle_cutscene]}"
              }
            }
          },
          {
            "condition": "minecraft:inverted",
            "term": {
              "condition": "minecraft:entity_properties",
              "entity": "this",
              "predicate": {
                "nbt": "{Tags:[clone]}"
              }
            }
          },
          {
            "condition": "minecraft:inverted",
            "term": {
              "condition": "minecraft:entity_properties",
              "entity": "this",
              "predicate": {
                "nbt": "{Tags:[illusioner_boss]}"
              }
            }
          }
        ]
      }
    }
  },
  "requirements": [
    [
      "illusioner"
    ]
  ]
}
