{
  "display": {
    "icon": {
      "item": "minecraft:bow"
    },
    "title": {
      "translate": "advancements.adventure.kill_illusioner_clone.title"
    },
    "description": {
      "translate": "advancements.adventure.kill_illusioner_clone.description"
    },
    "frame": "task",
    "show_toast": true,
    "announce_to_chat": true,
    "hidden": false
  },
  "parent": "pillage:adventure/kill_illusioner",
  "criteria": {
    "illusioner": {
      "trigger": "minecraft:impossible"
    }
  },
  "requirements": [
    [
      "illusioner"
    ]
  ]
}
