{
  "display": {
    "icon": {
      "item": "minecraft:iron_sword"
    },
    "title": {
      "translate": "advancements.adventure.all_cloaks.title"
    },
    "description": {
      "translate": "advancements.adventure.all_cloaks.description"
    },
    "frame": "challenge",
    "show_toast": true,
    "announce_to_chat": true,
    "hidden": false
  },
  "parent": "pillage:adventure/kill_illusioner",
  "criteria": {
    "vindicator": {
      "trigger": "minecraft:player_hurt_entity",
      "conditions": {
        "entity": [
          {
            "condition": "minecraft:entity_properties",
            "entity": "this",
            "predicate": {
              "type": "minecraft:vindicator",
              "nbt": "{Tags:[is_illusioner]}"
            }
          }
        ]
      }
    },
    "pillager": {
      "trigger": "minecraft:player_hurt_entity",
      "conditions": {
        "entity": [
          {
            "condition": "minecraft:entity_properties",
            "entity": "this",
            "predicate": {
              "type": "minecraft:pillager",
              "nbt": "{Tags:[is_illusioner]}"
            }
          }
        ]
      }
    },
    "evoker": {
      "trigger": "minecraft:player_hurt_entity",
      "conditions": {
        "entity": [
          {
            "condition": "minecraft:entity_properties",
            "entity": "this",
            "predicate": {
              "type": "minecraft:evoker",
              "nbt": "{Tags:[is_illusioner]}"
            }
          }
        ]
      }
    },
    "ravager": {
      "trigger": "minecraft:player_hurt_entity",
      "conditions": {
        "entity": [
          {
            "condition": "minecraft:entity_properties",
            "entity": "this",
            "predicate": {
              "type": "minecraft:ravager",
              "nbt": "{Tags:[is_illusioner]}"
            }
          }
        ]
      }
    },
    "pig": {
      "trigger": "minecraft:player_hurt_entity",
      "conditions": {
        "entity": [
          {
            "condition": "minecraft:entity_properties",
            "entity": "this",
            "predicate": {
              "type": "minecraft:pig",
              "nbt": "{Tags:[is_illusioner]}"
            }
          }
        ]
      }
    },
    "cow": {
      "trigger": "minecraft:player_hurt_entity",
      "conditions": {
        "entity": [
          {
            "condition": "minecraft:entity_properties",
            "entity": "this",
            "predicate": {
              "type": "minecraft:cow",
              "nbt": "{Tags:[is_illusioner]}"
            }
          }
        ]
      }
    },
    "sheep": {
      "trigger": "minecraft:player_hurt_entity",
      "conditions": {
        "entity": [
          {
            "condition": "minecraft:entity_properties",
            "entity": "this",
            "predicate": {
              "type": "minecraft:sheep",
              "nbt": "{Tags:[is_illusioner]}"
            }
          }
        ]
      }
    },
    "chicken": {
      "trigger": "minecraft:player_hurt_entity",
      "conditions": {
        "entity": [
          {
            "condition": "minecraft:entity_properties",
            "entity": "this",
            "predicate": {
              "type": "minecraft:chicken",
              "nbt": "{Tags:[is_illusioner]}"
            }
          }
        ]
      }
    },
    "rabbit": {
      "trigger": "minecraft:player_hurt_entity",
      "conditions": {
        "entity": [
          {
            "condition": "minecraft:entity_properties",
            "entity": "this",
            "predicate": {
              "type": "minecraft:rabbit",
              "nbt": "{Tags:[is_illusioner]}"
            }
          }
        ]
      }
    },
    "cat": {
      "trigger": "minecraft:player_hurt_entity",
      "conditions": {
        "entity": [
          {
            "condition": "minecraft:entity_properties",
            "entity": "this",
            "predicate": {
              "type": "minecraft:cat",
              "nbt": "{Tags:[is_illusioner]}"
            }
          }
        ]
      }
    },
    "goat": {
      "trigger": "minecraft:player_hurt_entity",
      "conditions": {
        "entity": [
          {
            "condition": "minecraft:entity_properties",
            "entity": "this",
            "predicate": {
              "type": "minecraft:goat",
              "nbt": "{Tags:[is_illusioner]}"
            }
          }
        ]
      }
    },
    "skeleton": {
      "trigger": "minecraft:player_hurt_entity",
      "conditions": {
        "entity": [
          {
            "condition": "minecraft:entity_properties",
            "entity": "this",
            "predicate": {
              "type": "minecraft:skeleton",
              "nbt": "{Tags:[is_illusioner]}"
            }
          }
        ]
      }
    },
    "spider": {
      "trigger": "minecraft:player_hurt_entity",
      "conditions": {
        "entity": [
          {
            "condition": "minecraft:entity_properties",
            "entity": "this",
            "predicate": {
              "type": "minecraft:spider",
              "nbt": "{Tags:[is_illusioner]}"
            }
          }
        ]
      }
    },
    "cave_spider": {
      "trigger": "minecraft:player_hurt_entity",
      "conditions": {
        "entity": [
          {
            "condition": "minecraft:entity_properties",
            "entity": "this",
            "predicate": {
              "type": "minecraft:cave_spider",
              "nbt": "{Tags:[is_illusioner]}"
            }
          }
        ]
      }
    },
    "slime": {
      "trigger": "minecraft:player_hurt_entity",
      "conditions": {
        "entity": [
          {
            "condition": "minecraft:entity_properties",
            "entity": "this",
            "predicate": {
              "type": "minecraft:slime",
              "nbt": "{Tags:[is_illusioner]}"
            }
          }
        ]
      }
    },
    "zombie": {
      "trigger": "minecraft:player_hurt_entity",
      "conditions": {
        "entity": [
          {
            "condition": "minecraft:entity_properties",
            "entity": "this",
            "predicate": {
              "type": "minecraft:zombie",
              "nbt": "{Tags:[is_illusioner]}"
            }
          }
        ]
      }
    },
    "drowned": {
      "trigger": "minecraft:player_hurt_entity",
      "conditions": {
        "entity": [
          {
            "condition": "minecraft:entity_properties",
            "entity": "this",
            "predicate": {
              "type": "minecraft:drowned",
              "nbt": "{Tags:[is_illusioner]}"
            }
          }
        ]
      }
    },
    "zombie_villager": {
      "trigger": "minecraft:player_hurt_entity",
      "conditions": {
        "entity": [
          {
            "condition": "minecraft:entity_properties",
            "entity": "this",
            "predicate": {
              "type": "minecraft:zombie_villager",
              "nbt": "{Tags:[is_illusioner]}"
            }
          }
        ]
      }
    },
    "witch": {
      "trigger": "minecraft:player_hurt_entity",
      "conditions": {
        "entity": [
          {
            "condition": "minecraft:entity_properties",
            "entity": "this",
            "predicate": {
              "type": "minecraft:witch",
              "nbt": "{Tags:[is_illusioner]}"
            }
          }
        ]
      }
    },
    "trader_llama": {
      "trigger": "minecraft:player_hurt_entity",
      "conditions": {
        "entity": [
          {
            "condition": "minecraft:entity_properties",
            "entity": "this",
            "predicate": {
              "type": "minecraft:trader_llama",
              "nbt": "{Tags:[is_illusioner]}"
            }
          }
        ]
      }
    },
    "villager": {
      "trigger": "minecraft:player_hurt_entity",
      "conditions": {
        "entity": [
          {
            "condition": "minecraft:entity_properties",
            "entity": "this",
            "predicate": {
              "type": "minecraft:villager",
              "nbt": "{Tags:[is_illusioner]}"
            }
          }
        ]
      }
    },
    "wandering_trader": {
      "trigger": "minecraft:player_hurt_entity",
      "conditions": {
        "entity": [
          {
            "condition": "minecraft:entity_properties",
            "entity": "this",
            "predicate": {
              "type": "minecraft:wandering_trader",
              "nbt": "{Tags:[is_illusioner]}"
            }
          }
        ]
      }
    },
    "mooshroom": {
      "trigger": "minecraft:player_hurt_entity",
      "conditions": {
        "entity": [
          {
            "condition": "minecraft:entity_properties",
            "entity": "this",
            "predicate": {
              "type": "minecraft:mooshroom",
              "nbt": "{Tags:[is_illusioner]}"
            }
          }
        ]
      }
    },
    "ocelot": {
      "trigger": "minecraft:player_hurt_entity",
      "conditions": {
        "entity": [
          {
            "condition": "minecraft:entity_properties",
            "entity": "this",
            "predicate": {
              "type": "minecraft:ocelot",
              "nbt": "{Tags:[is_illusioner]}"
            }
          }
        ]
      }
    },
    "panda": {
      "trigger": "minecraft:player_hurt_entity",
      "conditions": {
        "entity": [
          {
            "condition": "minecraft:entity_properties",
            "entity": "this",
            "predicate": {
              "type": "minecraft:panda",
              "nbt": "{Tags:[is_illusioner]}"
            }
          }
        ]
      }
    },
    "llama": {
      "trigger": "minecraft:player_hurt_entity",
      "conditions": {
        "entity": [
          {
            "condition": "minecraft:entity_properties",
            "entity": "this",
            "predicate": {
              "type": "minecraft:llama",
              "nbt": "{Tags:[is_illusioner]}"
            }
          }
        ]
      }
    },
    "wolf": {
      "trigger": "minecraft:player_hurt_entity",
      "conditions": {
        "entity": [
          {
            "condition": "minecraft:entity_properties",
            "entity": "this",
            "predicate": {
              "type": "minecraft:wolf",
              "nbt": "{Tags:[is_illusioner]}"
            }
          }
        ]
      }
    },
    "husk": {
      "trigger": "minecraft:player_hurt_entity",
      "conditions": {
        "entity": [
          {
            "condition": "minecraft:entity_properties",
            "entity": "this",
            "predicate": {
              "type": "minecraft:husk",
              "nbt": "{Tags:[is_illusioner]}"
            }
          }
        ]
      }
    },
    "turtle": {
      "trigger": "minecraft:player_hurt_entity",
      "conditions": {
        "entity": [
          {
            "condition": "minecraft:entity_properties",
            "entity": "this",
            "predicate": {
              "type": "minecraft:turtle",
              "nbt": "{Tags:[is_illusioner]}"
            }
          }
        ]
      }
    },
    "stray": {
      "trigger": "minecraft:player_hurt_entity",
      "conditions": {
        "entity": [
          {
            "condition": "minecraft:entity_properties",
            "entity": "this",
            "predicate": {
              "type": "minecraft:stray",
              "nbt": "{Tags:[is_illusioner]}"
            }
          }
        ]
      }
    },
    "polar_bear": {
      "trigger": "minecraft:player_hurt_entity",
      "conditions": {
        "entity": [
          {
            "condition": "minecraft:entity_properties",
            "entity": "this",
            "predicate": {
              "type": "minecraft:polar_bear",
              "nbt": "{Tags:[is_illusioner]}"
            }
          }
        ]
      }
    },
    "snow_golem": {
      "trigger": "minecraft:player_hurt_entity",
      "conditions": {
        "entity": [
          {
            "condition": "minecraft:entity_properties",
            "entity": "this",
            "predicate": {
              "type": "minecraft:snow_golem",
              "nbt": "{Tags:[is_illusioner]}"
            }
          }
        ]
      }
    },
    "fox": {
      "trigger": "minecraft:player_hurt_entity",
      "conditions": {
        "entity": [
          {
            "condition": "minecraft:entity_properties",
            "entity": "this",
            "predicate": {
              "type": "minecraft:fox",
              "nbt": "{Tags:[is_illusioner]}"
            }
          }
        ]
      }
    },
    "frog": {
      "trigger": "minecraft:player_hurt_entity",
      "conditions": {
        "entity": [
          {
            "condition": "minecraft:entity_properties",
            "entity": "this",
            "predicate": {
              "type": "minecraft:frog",
              "nbt": "{Tags:[is_illusioner]}"
            }
          }
        ]
      }
    }
  },
  "requirements": [
    [
      "vindicator"
    ],
    [
      "pillager"
    ],
    [
      "evoker"
    ],
    [
      "ravager"
    ],
    [
      "witch"
    ],
    [
      "villager"
    ],
    [
      "wandering_trader"
    ],
    [
      "trader_llama"
    ],
    [
      "pig"
    ],
    [
      "cow"
    ],
    [
      "chicken"
    ],
    [
      "sheep"
    ],
    [
      "rabbit"
    ],
    [
      "cat"
    ],
    [
      "goat"
    ],
    [
      "spider"
    ],
    [
      "cave_spider"
    ],
    [
      "zombie"
    ],
    [
      "zombie_villager"
    ],
    [
      "drowned"
    ],
    [
      "husk"
    ],
    [
      "skeleton"
    ],
    [
      "stray"
    ],
    [
      "slime"
    ],
    [
      "mooshroom"
    ],
    [
      "ocelot"
    ],
    [
      "panda"
    ],
    [
      "llama"
    ],
    [
      "wolf"
    ],
    [
      "fox"
    ],
    [
      "turtle"
    ],
    [
      "polar_bear"
    ],
    [
      "snow_golem"
    ],
    [
      "frog"
    ]
  ],
  "rewards": {
    "experience": 1000
  }
}
