{
  "display": {
    "icon": {
      "item": "minecraft:diamond_sword",
      "nbt": "{Enchantments:[{}]}"
    },
    "title": {
      "translate": "advancements.adventure.use_charged_lapis.title"
    },
    "description": {
      "translate": "advancements.adventure.use_charged_lapis.description"
    },
    "frame": "goal",
    "show_toast": true,
    "announce_to_chat": true,
    "hidden": false
  },
  "parent": "pillage:adventure/find_charged_lapis",
  "criteria": {
    "get_lapised_item": {
      "trigger": "minecraft:inventory_changed",
      "conditions": {
        "items": [
          {
            "nbt": "{Enchantments:[{lapised:1b}]}"
          }
        ]
      }
    }
  },
  "requirements": [
    [
      "get_lapised_item"
    ]
  ]
}
