{
  "temperature": 0.7,
  "downfall": 0.8,
  "has_precipitation": true,
  "effects": {
    "sky_color": 0,
    "fog_color": 0,
    "water_color": 4159204,
    "water_fog_color": 329011,
    "grass_color_modifier": "dark_forest"
  },
  "spawners": {
    "ambient": [],
    "axolotls": [],
    "creature": [],
    "misc": [],
    "monster": [],
    "underground_water_creature": [],
    "water_ambient": [],
    "water_creature": []
  },
  "spawn_costs": {},
  "carvers": {},
  "features": [
    [],
    [],
    [],
    [],
    [],
    [],
    [],
    [],
    [],
    [],
    []
  ]
}
