{
  "name": "pillage:bastion_ghost/treasure/walls/outer",
  "fallback": "minecraft:empty",
  "elements": [
    {
      "weight": 1,
      "element": {
        "location": "pillage:bastion_ghost/treasure/walls/outer/top_corner",
        "processors": "pillage:ghost_high_wall",
        "projection": "rigid",
        "element_type": "minecraft:single_pool_element"
      }
    },
    {
      "weight": 1,
      "element": {
        "location": "pillage:bastion_ghost/treasure/walls/outer/mid_corner",
        "processors": "pillage:ghost_high_wall",
        "projection": "rigid",
        "element_type": "minecraft:single_pool_element"
      }
    },
    {
      "weight": 1,
      "element": {
        "location": "pillage:bastion_ghost/treasure/walls/outer/bottom_corner",
        "processors": "pillage:ghost_high_wall",
        "projection": "rigid",
        "element_type": "minecraft:single_pool_element"
      }
    },
    {
      "weight": 1,
      "element": {
        "location": "pillage:bastion_ghost/treasure/walls/outer/outer_wall",
        "processors": "pillage:ghost_high_wall",
        "projection": "rigid",
        "element_type": "minecraft:single_pool_element"
      }
    },
    {
      "weight": 1,
      "element": {
        "location": "pillage:bastion_ghost/treasure/walls/outer/medium_outer_wall",
        "processors": "pillage:ghost_high_wall",
        "projection": "rigid",
        "element_type": "minecraft:single_pool_element"
      }
    },
    {
      "weight": 1,
      "element": {
        "location": "pillage:bastion_ghost/treasure/walls/outer/tall_outer_wall",
        "processors": "pillage:ghost_high_wall",
        "projection": "rigid",
        "element_type": "minecraft:single_pool_element"
      }
    }
  ]
}
