{
  "name": "pillage:bastion_ghost/treasure/walls/top",
  "fallback": "minecraft:empty",
  "elements": [
    {
      "weight": 1,
      "element": {
        "location": "pillage:bastion_ghost/treasure/walls/top/main_entrance",
        "processors": "pillage:ghost_treasure_rooms",
        "projection": "rigid",
        "element_type": "minecraft:single_pool_element"
      }
    },
    {
      "weight": 1,
      "element": {
        "location": "pillage:bastion_ghost/treasure/walls/top/wall_0",
        "processors": "pillage:ghost_treasure_rooms",
        "projection": "rigid",
        "element_type": "minecraft:single_pool_element"
      }
    },
    {
      "weight": 1,
      "element": {
        "location": "pillage:bastion_ghost/treasure/walls/top/wall_1",
        "processors": "pillage:ghost_treasure_rooms",
        "projection": "rigid",
        "element_type": "minecraft:single_pool_element"
      }
    }
  ]
}
