{
  "name": "pillage:bastion/guarded/floor",
  "fallback": "minecraft:empty",
  "elements": [
    {
      "weight": 3,
      "element": {
        "location": "pillage:bastion/guarded/hall/floor_1",
        "processors": "pillage:bastion_floor",
        "projection": "rigid",
        "element_type": "minecraft:single_pool_element"
      }
    },
    {
      "weight": 1,
      "element": {
        "location": "pillage:bastion/guarded/hall/floor_2",
        "processors": "pillage:bastion_floor",
        "projection": "rigid",
        "element_type": "minecraft:single_pool_element"
      }
    }
  ]
}
