{
  "name": "pillage:bastion_ghost/blocks/gold",
  "fallback": "minecraft:empty",
  "elements": [
    {
      "weight": 11,
      "element": {
        "location": "minecraft:bastion/blocks/air",
        "processors": "minecraft:bridge",
        "projection": "rigid",
        "element_type": "minecraft:single_pool_element"
      }
    },
    {
      "weight": 2,
      "element": {
        "location": "minecraft:bastion/blocks/gold",
        "processors": "minecraft:bridge",
        "projection": "rigid",
        "element_type": "minecraft:single_pool_element"
      }
    }
  ]
}
