{
  "name": "pillage:bastion_ghost/treasure/extensions/small_pool",
  "fallback": "minecraft:empty",
  "elements": [
    {
      "weight": 1,
      "element": {
        "location": "pillage:bastion_ghost/treasure/extensions/empty",
        "processors": "pillage:ghost_treasure_rooms",
        "projection": "rigid",
        "element_type": "minecraft:single_pool_element"
      }
    },
    {
      "weight": 1,
      "element": {
        "location": "pillage:bastion_ghost/treasure/extensions/fire_room",
        "processors": "pillage:ghost_treasure_rooms",
        "projection": "rigid",
        "element_type": "minecraft:single_pool_element"
      }
    },
    {
      "weight": 1,
      "element": {
        "location": "pillage:bastion_ghost/treasure/extensions/empty",
        "processors": "pillage:ghost_treasure_rooms",
        "projection": "rigid",
        "element_type": "minecraft:single_pool_element"
      }
    },
    {
      "weight": 1,
      "element": {
        "location": "pillage:bastion_ghost/treasure/extensions/small_bridge_0",
        "processors": "pillage:ghost_treasure_rooms",
        "projection": "rigid",
        "element_type": "minecraft:single_pool_element"
      }
    },
    {
      "weight": 1,
      "element": {
        "location": "pillage:bastion_ghost/treasure/extensions/small_bridge_1",
        "processors": "pillage:ghost_treasure_rooms",
        "projection": "rigid",
        "element_type": "minecraft:single_pool_element"
      }
    },
    {
      "weight": 1,
      "element": {
        "location": "pillage:bastion_ghost/treasure/extensions/small_bridge_2",
        "processors": "pillage:ghost_treasure_rooms",
        "projection": "rigid",
        "element_type": "minecraft:single_pool_element"
      }
    },
    {
      "weight": 1,
      "element": {
        "location": "pillage:bastion_ghost/treasure/extensions/small_bridge_3",
        "processors": "pillage:ghost_treasure_rooms",
        "projection": "rigid",
        "element_type": "minecraft:single_pool_element"
      }
    }
  ]
}
