{
  "elements": [
    {
      "element": {
        "element_type": "minecraft:legacy_single_pool_element",
        "location": "pillage:village/swamp/swamp_lamp_1",
        "processors": "pillage:zombie_swamp",
        "projection": "rigid"
      },
      "weight": 2
    },
    {
      "element": {
        "element_type": "minecraft:feature_pool_element",
        "feature": "pillage:pile_kelp",
        "projection": "rigid"
      },
      "weight": 1
    },
    {
      "element": {
        "element_type": "minecraft:feature_pool_element",
        "feature": "minecraft:pile_hay",
        "projection": "rigid"
      },
      "weight": 1
    },
    {
      "element": {
        "element_type": "minecraft:empty_pool_element"
      },
      "weight": 6
    }
  ],
  "fallback": "minecraft:empty",
  "name": "pillage:village/swamp/zombie/decor"
}