{
  "display": {
    "icon": {
      "item": "minecraft:gold_ingot"
    },
    "title": {
      "translate": "advancements.nether.distract_piglin.title"
    },
    "description": {
      "translate": "advancements.nether.distract_piglin.description"
    },
    "frame": "task",
    "show_toast": true,
    "announce_to_chat": true,
    "hidden": false
  },
  "parent": "minecraft:nether/root",
  "criteria": {
    "distract_piglin": {
      "trigger": "minecraft:thrown_item_picked_up_by_entity",
      "conditions": {
        "player": [
          {
            "condition": "minecraft:inverted",
            "term": {
              "condition": "minecraft:entity_properties",
              "entity": "this",
              "predicate": {
                "equipment": {
                  "head": {
                    "items": [
                      "minecraft:golden_helmet"
                    ]
                  }
                }
              }
            }
          },
          {
            "condition": "minecraft:inverted",
            "term": {
              "condition": "minecraft:entity_properties",
              "entity": "this",
              "predicate": {
                "equipment": {
                  "chest": {
                    "items": [
                      "minecraft:golden_chestplate"
                    ]
                  }
                }
              }
            }
          },
          {
            "condition": "minecraft:inverted",
            "term": {
              "condition": "minecraft:entity_properties",
              "entity": "this",
              "predicate": {
                "equipment": {
                  "legs": {
                    "items": [
                      "minecraft:golden_leggings"
                    ]
                  }
                }
              }
            }
          },
          {
            "condition": "minecraft:inverted",
            "term": {
              "condition": "minecraft:entity_properties",
              "entity": "this",
              "predicate": {
                "equipment": {
                  "feet": {
                    "items": [
                      "minecraft:golden_boots"
                    ]
                  }
                }
              }
            }
          }
        ],
        "entity": [
          {
            "condition": "minecraft:entity_properties",
            "entity": "this",
            "predicate": {
              "type": "minecraft:piglin",
              "flags": {
                "is_baby": false
              }
            }
          }
        ],
        "item": {
          "tag": "ve:piglin_loved_advancement"
        }
      }
    },
    "distract_piglin_directly": {
      "trigger": "minecraft:player_interacted_with_entity",
      "conditions": {
        "player": [
          {
            "condition": "minecraft:inverted",
            "term": {
              "condition": "minecraft:entity_properties",
              "entity": "this",
              "predicate": {
                "equipment": {
                  "head": {
                    "items": [
                      "minecraft:golden_helmet"
                    ]
                  }
                }
              }
            }
          },
          {
            "condition": "minecraft:inverted",
            "term": {
              "condition": "minecraft:entity_properties",
              "entity": "this",
              "predicate": {
                "equipment": {
                  "chest": {
                    "items": [
                      "minecraft:golden_chestplate"
                    ]
                  }
                }
              }
            }
          },
          {
            "condition": "minecraft:inverted",
            "term": {
              "condition": "minecraft:entity_properties",
              "entity": "this",
              "predicate": {
                "equipment": {
                  "legs": {
                    "items": [
                      "minecraft:golden_leggings"
                    ]
                  }
                }
              }
            }
          },
          {
            "condition": "minecraft:inverted",
            "term": {
              "condition": "minecraft:entity_properties",
              "entity": "this",
              "predicate": {
                "equipment": {
                  "feet": {
                    "items": [
                      "minecraft:golden_boots"
                    ]
                  }
                }
              }
            }
          }
        ],
        "item": {
          "items": [
            "minecraft:gold_ingot"
          ]
        },
        "entity": [
          {
            "condition": "minecraft:entity_properties",
            "entity": "this",
            "predicate": {
              "type": "minecraft:piglin",
              "flags": {
                "is_baby": false
              }
            }
          }
        ]
      }
    }
  },
  "requirements": [
    [
      "distract_piglin",
      "distract_piglin_directly"
    ]
  ]
}
