{
  "display": {
    "icon": {
      "item": "minecraft:cracked_polished_blackstone_bricks"
    },
    "title": {
      "translate": "advancements.nether.find_ghost_bastion.title"
    },
    "description": {
      "translate": "advancements.nether.find_ghost_bastion.description"
    },
    "frame": "task",
    "show_toast": true,
    "announce_to_chat": true,
    "hidden": false
  },
  "parent": "minecraft:nether/find_bastion",
  "criteria": {
    "find_ghost_bastion": {
      "trigger": "minecraft:location",
      "conditions": {
        "player": [
          {
            "condition": "minecraft:entity_properties",
            "entity": "this",
            "predicate": {
              "location": {
                "structure": "pillage:ghost_bastion"
              }
            }
          }
        ]
      }
    }
  },
  "requirements": [
    [
      "find_ghost_bastion"
    ]
  ]
}
