{
  "display": {
    "icon": {
      "item": "minecraft:golden_helmet"
    },
    "title": {
      "translate": "advancements.nether.find_emperor_bastion.title"
    },
    "description": {
      "translate": "advancements.nether.find_emperor_bastion.description"
    },
    "frame": "goal",
    "show_toast": true,
    "announce_to_chat": true,
    "hidden": true
  },
  "parent": "minecraft:nether/find_bastion",
  "criteria": {
    "bastion": {
      "trigger": "minecraft:impossible",
      "conditions": {}
    }
  },
  "requirements": [
    [
      "bastion"
    ]
  ]
}
