{
  "display": {
    "icon": {
      "item": "minecraft:netherite_axe"
    },
    "title": {
      "translate": "advancements.nether.kill_emperor.title"
    },
    "description": {
      "translate": "advancements.nether.kill_emperor.description"
    },
    "frame": "goal",
    "show_toast": true,
    "announce_to_chat": true,
    "hidden": true
  },
  "parent": "minecraft:nether/find_bastion",
  "criteria": {
    "kill": {
      "trigger": "minecraft:player_killed_entity",
      "conditions": {
        "entity": [
          {
            "condition": "minecraft:entity_properties",
            "entity": "this",
            "predicate": {
              "type": "minecraft:piglin_brute",
              "nbt": "{Tags:[king]}"
            }
          }
        ]
      }
    }
  },
  "requirements": [
    [
      "kill"
    ]
  ]
}
