{
  "name": "pillage:bastion/guarded/pillars/long",
  "fallback": "minecraft:empty",
  "elements": [
    {
      "weight": 5,
      "element": {
        "location": "pillage:bastion/guarded/pillars/long_1",
        "processors": "pillage:bastion_pillar",
        "projection": "rigid",
        "element_type": "minecraft:single_pool_element"
      }
    },
    {
      "weight": 2,
      "element": {
        "location": "pillage:bastion/guarded/pillars/long_2",
        "processors": "pillage:bastion_pillar",
        "projection": "rigid",
        "element_type": "minecraft:single_pool_element"
      }
    },
    {
      "weight": 4,
      "element": {
        "location": "pillage:bastion/guarded/pillars/long_3",
        "processors": "pillage:bastion_pillar",
        "projection": "rigid",
        "element_type": "minecraft:single_pool_element"
      }
    },
    {
      "weight": 4,
      "element": {
        "location": "pillage:bastion/guarded/pillars/long_4",
        "processors": "pillage:bastion_pillar",
        "projection": "rigid",
        "element_type": "minecraft:single_pool_element"
      }
    },
    {
      "weight": 1,
      "element": {
        "location": "pillage:bastion/guarded/pillars/long_5",
        "processors": "pillage:bastion_pillar",
        "projection": "rigid",
        "element_type": "minecraft:single_pool_element"
      }
    },
    {
      "weight": 1,
      "element": {
        "location": "pillage:bastion/guarded/pillars/long_6",
        "processors": "pillage:bastion_pillar",
        "projection": "rigid",
        "element_type": "minecraft:single_pool_element"
      }
    }
  ]
}
