{
  "name": "pillage:bastion/guarded/pillars/thick",
  "fallback": "minecraft:empty",
  "elements": [
    {
      "weight": 4,
      "element": {
        "location": "pillage:bastion/guarded/pillars/thick_1",
        "processors": "pillage:bastion_pillar",
        "projection": "rigid",
        "element_type": "minecraft:single_pool_element"
      }
    },
    {
      "weight": 4,
      "element": {
        "location": "pillage:bastion/guarded/pillars/thick_2",
        "processors": "pillage:bastion_pillar",
        "projection": "rigid",
        "element_type": "minecraft:single_pool_element"
      }
    },
    {
      "weight": 4,
      "element": {
        "location": "pillage:bastion/guarded/pillars/thick_3",
        "processors": "pillage:bastion_pillar",
        "projection": "rigid",
        "element_type": "minecraft:single_pool_element"
      }
    },
    {
      "weight": 1,
      "element": {
        "location": "pillage:bastion/guarded/pillars/thick_4",
        "processors": "pillage:bastion_pillar",
        "projection": "rigid",
        "element_type": "minecraft:single_pool_element"
      }
    },
    {
      "weight": 2,
      "element": {
        "location": "pillage:bastion/guarded/pillars/thick_5",
        "processors": "pillage:bastion_pillar",
        "projection": "rigid",
        "element_type": "minecraft:single_pool_element"
      }
    },
    {
      "weight": 1,
      "element": {
        "location": "pillage:bastion/guarded/pillars/thick_6",
        "processors": "pillage:bastion_pillar",
        "projection": "rigid",
        "element_type": "minecraft:single_pool_element"
      }
    }
  ]
}
