{
  "elements": [
    {
      "element": {
        "element_type": "minecraft:legacy_single_pool_element",
        "location": "pillage:village/jungle/houses/house_1",
        "processors": "minecraft:empty",
        "projection": "rigid"
      },
      "weight": 6
    },
    {
      "element": {
        "element_type": "minecraft:legacy_single_pool_element",
        "location": "pillage:village/jungle/houses/workstation_base",
        "processors": "minecraft:empty",
        "projection": "rigid"
      },
      "weight": 7
    },
    {
      "element": {
        "element_type": "minecraft:legacy_single_pool_element",
        "location": "pillage:village/jungle/houses/stairs",
        "processors": "minecraft:empty",
        "projection": "rigid"
      },
      "weight": 4
    }
  ],
  "fallback": "pillage:village/jungle/terminator_houses",
  "name": "pillage:village/jungle/houses"
}