{
  "name": "pillage:bastion_ghost/hoglin_stable/small_stables/inner",
  "fallback": "minecraft:empty",
  "elements": [
    {
      "weight": 1,
      "element": {
        "location": "pillage:bastion_ghost/hoglin_stable/small_stables/inner_0",
        "processors": "pillage:ghost_stable_degradation",
        "projection": "rigid",
        "element_type": "minecraft:single_pool_element"
      }
    },
    {
      "weight": 1,
      "element": {
        "location": "pillage:bastion_ghost/hoglin_stable/small_stables/inner_1",
        "processors": "pillage:ghost_stable_degradation",
        "projection": "rigid",
        "element_type": "minecraft:single_pool_element"
      }
    },
    {
      "weight": 1,
      "element": {
        "location": "pillage:bastion_ghost/hoglin_stable/small_stables/inner_2",
        "processors": "pillage:ghost_stable_degradation",
        "projection": "rigid",
        "element_type": "minecraft:single_pool_element"
      }
    },
    {
      "weight": 1,
      "element": {
        "location": "pillage:bastion_ghost/hoglin_stable/small_stables/inner_3",
        "processors": "pillage:ghost_stable_degradation",
        "projection": "rigid",
        "element_type": "minecraft:single_pool_element"
      }
    }
  ]
}
