{
  "name": "pillage:bastion/guarded/ramparts/top",
  "fallback": "minecraft:empty",
  "elements": [
    {
      "weight": 1,
      "element": {
        "location": "pillage:bastion/guarded/ramparts/top_1",
        "processors": "minecraft:bastion_generic_degradation",
        "projection": "rigid",
        "element_type": "minecraft:single_pool_element"
      }
    },
    {
      "weight": 1,
      "element": {
        "location": "pillage:bastion/guarded/ramparts/top_2",
        "processors": "minecraft:bastion_generic_degradation",
        "projection": "rigid",
        "element_type": "minecraft:single_pool_element"
      }
    }
  ]
}
