{
    "criteria": {
        "requirement": {
            "trigger": "minecraft:tick",
            "conditions": {
                "player": [
                    {
                        "condition": "minecraft:entity_properties",
                        "entity": "this",
                        "predicate": {
                            "vehicle": {
                                "nbt": "{Tags:[\"buvs.team\"]}"
                            }
                        }
                    }
                ]
            }
        }
    },
    "rewards": {
        "function": "bubblevehicles:vehicles/abstracts/player/driving"
    }
}