{
    "criteria": {
        "requirement": {
            "trigger": "minecraft:tick",
            "conditions": {
                "player": [
                    {
                        "condition": "minecraft:inverted",
                        "term": {
                            "condition": "minecraft:entity_scores",
                            "entity": "this",
                            "scores": {
                                "bvdata.digit0": {
                                    "min": -2147483648,
                                    "max": 2147483647
                                }
                            }
                        }
                    },
                    {
                        "condition": "minecraft:value_check",
                        "value": {
                            "type": "minecraft:score",
                            "target": {
                                "type": "minecraft:fixed",
                                "name": "$DataVersion"
                            },
                            "score": "buvs.version"
                        },
                        "range": 322
                    }
                ]
            }
        }
    },
    "rewards": {
        "function": "bubblevehicles:vehicles/abstracts/player/not_registered"
    }
}