{
    "criteria": {
        "requirement": {
            "trigger": "minecraft:tick",
            "conditions": {
                "player": [
                    {
                        "condition": "minecraft:entity_properties",
                        "entity": "this",
                        "predicate": {
                            "nbt": "{Tags:[\"buvs.team\"]}"
                        }
                    },
                    {
                        "condition": "minecraft:inverted",
                        "term": {
                            "condition": "minecraft:entity_properties",
                            "entity": "this",
                            "predicate": {
                                "vehicle": {
                                    "type": "minecraft:llama",
                                    "nbt": "{Tags:[\"buvs.team\"]}"
                                }
                            }
                        }
                    }
                ]
            }
        }
    },
    "rewards": {
        "function": "bubblevehicles:vehicles/abstracts/player/stopped_riding"
    }
}