{
  "elements": [
    {
      "element": {
        "element_type": "minecraft:legacy_single_pool_element",
        "location": "pillage:village/badlands/zombie/streets/straight_1",
        "processors": "pillage:zombie_badlands",
        "projection": "terrain_matching"
      },
      "weight": 16
    },
    {
      "element": {
        "element_type": "minecraft:legacy_single_pool_element",
        "location": "pillage:village/badlands/zombie/streets/straight_2",
        "processors": "pillage:zombie_badlands",
        "projection": "terrain_matching"
      },
      "weight": 16
    },
    {
      "element": {
        "element_type": "minecraft:legacy_single_pool_element",
        "location": "pillage:village/badlands/terminators/badlands_barn",
        "processors": "pillage:zombie_badlands",
        "projection": "rigid"
      },
      "weight": 1
    },
    {
      "element": {
        "element_type": "minecraft:legacy_single_pool_element",
        "location": "pillage:village/badlands/terminators/badlands_ironworks",
        "processors": "pillage:zombie_badlands",
        "projection": "rigid"
      },
      "weight": 10
    }
  ],
  "fallback": "pillage:village/badlands/zombie/terminators",
  "name": "pillage:village/badlands/zombie/streets"
}