{
  "elements": [
    {
      "element": {
        "element_type": "minecraft:legacy_single_pool_element",
        "location": "pillage:village/badlands/zombie/corner/badlands_houses_4",
        "processors": "pillage:zombie_badlands",
        "projection": "rigid"
      },
      "weight": 4
    },
    {
      "element": {
        "element_type": "minecraft:legacy_single_pool_element",
        "location": "pillage:village/badlands/zombie/corner/badlands_jail",
        "processors": "pillage:zombie_badlands",
        "projection": "rigid"
      },
      "weight": 2
    },
    {
      "element": {
        "element_type": "minecraft:legacy_single_pool_element",
        "location": "pillage:village/badlands/zombie/corner/badlands_pub",
        "processors": "pillage:zombie_badlands",
        "projection": "rigid"
      },
      "weight": 3
    },
    {
      "element": {
        "element_type": "minecraft:legacy_single_pool_element",
        "location": "pillage:village/badlands/corner/badlands_shepherd_2",
        "processors": "pillage:zombie_badlands",
        "projection": "rigid"
      },
      "weight": 2
    }
  ],
  "fallback": "minecraft:empty",
  "name": "pillage:village/badlands/zombie/town_centers_cross"
}