{
  "name": "pillage:bastion_ghost/treasure/walls",
  "fallback": "minecraft:empty",
  "elements": [
    {
      "weight": 1,
      "element": {
        "location": "pillage:bastion_ghost/treasure/walls/lava_wall",
        "processors": "pillage:ghost_treasure_rooms",
        "projection": "rigid",
        "element_type": "minecraft:single_pool_element"
      }
    },
    {
      "weight": 1,
      "element": {
        "location": "pillage:bastion_ghost/treasure/walls/entrance_wall",
        "processors": "pillage:ghost_high_wall",
        "projection": "rigid",
        "element_type": "minecraft:single_pool_element"
      }
    }
  ]
}
