{
  "name": "pillage:bastion/guarded/treasure/treasure",
  "fallback": "minecraft:empty",
  "elements": [
    {
      "weight": 1,
      "element": {
        "location": "pillage:bastion/guarded/treasures/treasure_1",
        "processors": "minecraft:rampart_degradation",
        "projection": "rigid",
        "element_type": "minecraft:single_pool_element"
      }
    },
    {
      "weight": 1,
      "element": {
        "location": "pillage:bastion/guarded/treasures/treasure_2",
        "processors": "minecraft:rampart_degradation",
        "projection": "rigid",
        "element_type": "minecraft:single_pool_element"
      }
    },
    {
      "weight": 1,
      "element": {
        "location": "pillage:bastion/guarded/treasures/treasure_3",
        "processors": "minecraft:rampart_degradation",
        "projection": "rigid",
        "element_type": "minecraft:single_pool_element"
      }
    }
  ]
}
