{
  "condition": "minecraft:any_of",
  "terms": [
    {
      "condition": "minecraft:entity_properties",
      "entity": "this",
      "predicate": {
        "type": "minecraft:player",
        "type_specific": {
          "type": "player",
          "gamemode": "survival"
        }
      }
    },
    {
      "condition": "minecraft:entity_properties",
      "entity": "this",
      "predicate": {
        "type": "minecraft:player",
        "type_specific": {
          "type": "player",
          "gamemode": "adventure"
        }
      }
    }
  ]
}
