{
  "display": {
    "icon": {
      "item": "minecraft:knowledge_book",
      "nbt": "{CustomModelData:58272}"
    },
    "title": {
      "translate": "advancements.tutorial.jump_pad.title"
    },
    "description": {
      "text": ""
    },
    "show_toast": true,
    "announce_to_chat": false,
    "hidden": true
  },
  "parent": "ve:tutorial/root",
  "criteria": {
    "stand": {
      "trigger": "minecraft:tick",
      "conditions": {
        "player": [
          {
            "condition": "minecraft:entity_properties",
            "entity": "this",
            "predicate": {
              "effects": {
                "minecraft:jump_boost": {
                  "amplifier": 20
                }
              }
            }
          }
        ]
      }
    }
  },
  "requirements": [
    [
      "stand"
    ]
  ],
  "rewards": {
    "function": "ve:tutorial/grand_illusioner/jump_pad"
  }
}
