{
  "display": {
    "icon": {
      "item": "minecraft:knowledge_book",
      "nbt": "{CustomModelData:58271}"
    },
    "title": {
      "translate": "advancements.tutorial.no_damage.title"
    },
    "description": {
      "text": ""
    },
    "show_toast": true,
    "announce_to_chat": false,
    "hidden": true
  },
  "parent": "ve:tutorial/root",
  "criteria": {
    "wait": {
      "trigger": "minecraft:tick",
      "conditions": {
        "player": [
          {
            "condition": "minecraft:entity_scores",
            "entity": "this",
            "scores": {
              "castle_no_damage_tutorial": 1200
            }
          }
        ]
      }
    }
  },
  "requirements": [
    [
      "wait"
    ]
  ],
  "rewards": {
    "function": "ve:tutorial/grand_illusioner/no_damage"
  }
}
