{
  "display": {
    "icon": {
      "item": "minecraft:ender_pearl"
    },
    "title": {
      "translate": "advancements.tutorial.phase_2_recovering.title"
    },
    "description": {
      "text": ""
    },
    "show_toast": true,
    "announce_to_chat": false,
    "hidden": true
  },
  "parent": "ve:tutorial/root",
  "criteria": {
    "wait": {
      "trigger": "minecraft:tick",
      "conditions": {
        "player": [
          {
            "condition": "minecraft:entity_scores",
            "entity": "this",
            "scores": {
              "castle_phase_2_tutorial": 5
            }
          }
        ]
      }
    }
  },
  "requirements": [
    [
      "wait"
    ]
  ],
  "rewards": {
    "function": "ve:time_window_tutorial"
  }
}
