{
  "display": {
    "icon": {
      "item": "minecraft:soul_lantern"
    },
    "title": {
      "translate": "advancements.tutorial.use_soul_lantern.title"
    },
    "description": {
      "text": ""
    },
    "show_toast": true,
    "announce_to_chat": false,
    "hidden": true
  },
  "parent": "ve:tutorial/root",
  "criteria": {
    "use_lantern": {
      "trigger": "minecraft:player_hurt_entity",
      "conditions": {
        "player": [
          {
            "condition": "minecraft:entity_properties",
            "entity": "this",
            "predicate": {
              "location": {
                "dimension": "pillage:castle_dimension"
              },
              "equipment": {
                "mainhand": {
                  "items": [
                    "minecraft:soul_lantern"
                  ]
                }
              }
            }
          }
        ],
        "entity": []
      }
    }
  },
  "requirements": [
    [
      "use_lantern"
    ]
  ],
  "rewards": {
    "function": "ve:tutorial/grand_illusioner/soul_lantern"
  }
}
