{
  "type": "minecraft:entity",
  "pools": [
    {
      "rolls": 1,
      "bonus_rolls": 0,
      "entries": [
        {
          "type": "minecraft:item",
          "name": "minecraft:lapis_lazuli",
          "functions": [
            {
              "function": "minecraft:set_nbt",
              "tag": "{Tags:[\"charged_lapis\"],display:{Name:'{\"translate\":\"item.pillage.charged_lapis\",\"italic\":false,\"color\":\"#FF55FF\"}'},Enchantments:[{}]}"
            }
          ]
        }
      ]
    }
  ]
}
