{
  "type": "minecraft:entity",
  "pools": [
    {
      "rolls": 1,
      "bonus_rolls": 0,
      "entries": [
        {
          "type": "minecraft:item",
          "name": "minecraft:totem_of_undying",
          "functions": [
            {
              "function": "minecraft:set_nbt",
              "tag": "{Tags:[\"illusioner_totem\"],display:{Name:'{\"translate\":\"item.pillage.totem_of_confusion\",\"italic\":false}'},CustomModelData:58271}"
            }
          ]
        }
      ]
    }
  ]
}
