{
  "type": "minecraft:entity",
  "pools": [
    {
      "rolls": 1,
      "bonus_rolls": 0,
      "entries": [
        {
          "type": "minecraft:item",
          "name": "minecraft:clock",
          "functions": [
            {
              "function": "minecraft:set_nbt",
              "tag": "{Tags:[\"fungus_mask\"],display:{Name:'{\"translate\":\"item.pillage.warped_fungus_cloth\",\"italic\":false,\"color\":\"#FFFF55\"}'},CustomModelData:58271}"
            }
          ]
        }
      ]
    }
  ]
}
