{"condition": "minecraft:alternative","terms": [{"condition": "minecraft:reference","name": "2tw:tweaks/self_planting_saplings/is_oak_sapling"},{"condition": "minecraft:reference","name": "2tw:tweaks/self_planting_saplings/is_birch_sapling"},{"condition": "minecraft:reference","name": "2tw:tweaks/self_planting_saplings/is_acacia_sapling"},{"condition": "minecraft:reference","name": "2tw:tweaks/self_planting_saplings/is_jungle_sapling"},{"condition": "minecraft:reference","name": "2tw:tweaks/self_planting_saplings/is_spruce_sapling"},{"condition": "minecraft:reference","name": "2tw:tweaks/self_planting_saplings/is_oak_sapling"},{"condition": "minecraft:reference","name": "2tw:tweaks/self_planting_saplings/is_dark_oak_sapling"}]}