{
  "condition": "minecraft:any_of",
  "terms": [
    {
      "condition": "minecraft:entity_properties",
      "entity": "this",
      "predicate": {
        "nbt": "{Tags:[\"mob10\"]}"
      }
    },
    {
      "condition": "minecraft:entity_properties",
      "entity": "this",
      "predicate": {
        "nbt": "{Tags:[\"mob11\"]}"
      }
    },
    {
      "condition": "minecraft:entity_properties",
      "entity": "this",
      "predicate": {
        "nbt": "{Tags:[\"mob12\"]}"
      }
    }
  ]
}
