[
  {
    "condition": "minecraft:inverted",
    "term": {
      "condition": "minecraft:entity_properties",
      "entity": "this",
      "predicate": {
        "vehicle": {
		"nbt": "{Tags:[\"is_illusioner\"]}"
        }
      }
    }
  },
  {
    "condition": "minecraft:inverted",
    "term": {
      "condition": "minecraft:entity_properties",
      "entity": "this",
      "predicate": {
        "vehicle": {
          "nbt": "{Tags:[\"cloak_rider\"]}"
        }
      }
    }
  }
]
