[
  {
    "condition": "minecraft:entity_properties",
    "entity": "this",
    "predicate": {
      "type": "minecraft:illusioner"
    }
  },
  {
    "condition": "minecraft:entity_scores",
    "entity": "this",
    "scores": {
      "illusioner_cloak_timer": {
        "max": 1500
      },
      "illusioner_health": {
        "min": 1001,
        "max": 32000
      }
    }
  },
  {
    "condition": "minecraft:inverted",
    "term": {
      "condition": "minecraft:any_of",
      "terms": [
        {
          "condition": "minecraft:entity_properties",
          "entity": "this",
          "predicate": {
            "nbt": "{Tags:[has_clones]}"
          }
        },
        {
          "condition": "minecraft:entity_properties",
          "entity": "this",
          "predicate": {
            "nbt": "{Tags:[clone]}"
          }
        },
        {
          "condition": "minecraft:entity_properties",
          "entity": "this",
          "predicate": {
            "nbt": "{Tags:[cloning]}"
          }
        }
      ]
    }
  }
]

