[
  {
    "condition": "minecraft:any_of",
    "terms": [
      {
        "condition": "minecraft:entity_properties",
        "entity": "this",
        "predicate": {
          "nbt": "{Tags:[illusioner_boss]}"
        }
      },
      {
        "condition": "minecraft:entity_properties",
        "entity": "this",
        "predicate": {
          "nbt": "{Tags:[castle_cutscene]}"
        }
      }
    ]
  },
  {
    "condition": "minecraft:entity_properties",
    "entity": "this",
    "predicate": {
      "type": "minecraft:illusioner",
      "nbt": "{SpellTicks:300}"
    }
  }
]
