[
  {
    "condition": "minecraft:entity_properties",
    "entity": "this",
    "predicate": {
      "type": "#ve:illusioner_special_cloak"
    }
  },
  {
    "condition": "minecraft:any_of",
    "terms": [
      {
        "condition": "minecraft:inverted",
        "term": {
          "condition": "minecraft:entity_properties",
          "entity": "this",
          "predicate": {
            "nbt": "{Age:0}"
          }
        }
      },
      {
        "condition": "minecraft:inverted",
        "term": {
          "condition": "minecraft:location_check",
          "predicate": {
            "dimension": "minecraft:overworld"
          }
        }
      },
      {
        "condition": "minecraft:reference",
        "name": "ve:is_not_villager"
      },
      {
        "condition": "minecraft:entity_properties",
        "entity": "this",
        "predicate": {
          "type": "minecraft:skeleton",
          "equipment": {
            "head": {
              "items": [
                "minecraft:iron_helmet"
              ]
            }
          }
        }
      },
      {
        "condition": "minecraft:location_check",
        "predicate": {
          "fluid": {
            "tag": "minecraft:water"
          }
        }
      },
      {
        "condition": "minecraft:location_check",
        "predicate": {
          "block": {
            "blocks": [
              "minecraft:powder_snow"
            ]
          }
        }
      },
      {
        "condition": "minecraft:entity_properties",
        "entity": "this",
        "predicate": {
          "type": "minecraft:villager",
          "effects": {
            "minecraft:nausea": {}
          }
        }
      }
    ]
  }
]
