[
  {
    "condition": "minecraft:entity_properties",
    "entity": "this",
    "predicate": {
      "flags": {
        "is_on_fire": false
      },
      "equipment": {
        "mainhand": {
          "count": 0
        },
        "offhand": {
          "count": 0
        },
        "head": {
          "count": 0
        },
        "chest": {
          "count": 0
        },
        "legs": {
          "count": 0
        },
        "feet": {
          "count": 0
        }
      },
      "effects": {
        "minecraft:invisibility": {}
      }
    }
  }
]
