[
  {
    "condition": "minecraft:entity_properties",
    "entity": "this",
    "predicate": {
      "type": "minecraft:item",
      "nbt": "{Item:{id:\"minecraft:white_banner\",tag:{display:{Name:'{\"color\":\"gold\",\"translate\":\"block.minecraft.ominous_banner\"}'}}}}"
    }
  },
  {
    "condition": "minecraft:any_of",
    "terms": [
      {
        "condition": "minecraft:location_check",
        "predicate": {
          "fluid": {
            "tag": "minecraft:lava"
          }
        }
      },
      {
        "condition": "minecraft:location_check",
        "predicate": {
          "block": {
            "tag": "minecraft:fire"
          }
        }
      }
    ]
  }
]
