[
  {
    "condition": "minecraft:entity_properties",
    "entity": "this",
    "predicate": {
      "type": "minecraft:item",
      "nbt": "{Item:{tag:{display:{Lore:['[{\"translate\":\"powerup.pillage.charged_lapis\",\"italic\":false,\"color\":\"blue\"}]']}}}}"
    }
  },
  {
    "condition": "minecraft:inverted",
    "term": {
      "condition": "minecraft:entity_properties",
      "entity": "this",
      "predicate": {
        "nbt": "{Item:{tag:{Enchantments:[{lapised:1b}]}}}"
      }
    }
  }
]
