[
  {
    "condition": "minecraft:entity_properties",
    "entity": "this",
    "predicate": {
      "equipment": {
        "mainhand": {
          "nbt": "{display:{Lore:['[{\"translate\":\"powerup.pillage.charged_lapis\",\"italic\":false,\"color\":\"blue\"}]']}}"
        }
      }
    }
  },
  {
    "condition": "minecraft:inverted",
    "term": {
      "condition": "minecraft:entity_properties",
      "entity": "this",
      "predicate": {
        "equipment": {
          "mainhand": {
            "nbt": "{Enchantments:[{lapised:1b}]}"
          }
        }
      }
    }
  }
]
