{
  "condition": "minecraft:any_of",
  "terms": [
    {
      "condition": "minecraft:entity_properties",
      "entity": "this",
      "predicate": {
        "type": "minecraft:skeleton",
        "nbt": "{StrayConversionTime:2}"
      }
    },
    {
      "condition": "minecraft:entity_properties",
      "entity": "this",
      "predicate": {
        "type": "#ve:zombies",
        "nbt": "{DrownedConversionTime:2}"
      }
    },
    {
      "condition": "minecraft:entity_properties",
      "entity": "this",
      "predicate": {
        "type": "minecraft:zombie_villager",
        "nbt": "{ConversionTime:2}"
      }
    }
  ]
}
