[
  {
    "condition": "minecraft:entity_properties",
    "entity": "this",
    "predicate": {
      "type": "minecraft:villager"
    }
  },
  {
    "condition": "minecraft:any_of",
    "terms": [
      {
        "condition": "minecraft:entity_properties",
        "entity": "this",
        "predicate": {
          "nbt": "{Brain:{memories:{\"minecraft:job_site\":{}}}}"
        }
      },
      {
        "condition": "minecraft:entity_properties",
        "entity": "this",
        "predicate": {
          "nbt": "{Brain:{memories:{\"minecraft:home\":{}}}}"
        }
      }
    ]
  }
]
