{
  "condition": "minecraft:any_of",
  "terms": [
    {
      "condition": "minecraft:entity_properties",
      "entity": "this",
      "predicate": {
        "type": "minecraft:item",
        "nbt": "{Item:{id:\"minecraft:white_wool\"}}"
      }
    },
    {
      "condition": "minecraft:entity_properties",
      "entity": "this",
      "predicate": {
        "type": "minecraft:item",
        "nbt": "{Item:{id:\"minecraft:orange_wool\"}}"
      }
    },
    {
      "condition": "minecraft:entity_properties",
      "entity": "this",
      "predicate": {
        "type": "minecraft:item",
        "nbt": "{Item:{id:\"minecraft:magenta_wool\"}}"
      }
    },
    {
      "condition": "minecraft:entity_properties",
      "entity": "this",
      "predicate": {
        "type": "minecraft:item",
        "nbt": "{Item:{id:\"minecraft:light_blue_wool\"}}"
      }
    },
    {
      "condition": "minecraft:entity_properties",
      "entity": "this",
      "predicate": {
        "type": "minecraft:item",
        "nbt": "{Item:{id:\"minecraft:yellow_wool\"}}"
      }
    },
    {
      "condition": "minecraft:entity_properties",
      "entity": "this",
      "predicate": {
        "type": "minecraft:item",
        "nbt": "{Item:{id:\"minecraft:lime_wool\"}}"
      }
    },
    {
      "condition": "minecraft:entity_properties",
      "entity": "this",
      "predicate": {
        "type": "minecraft:item",
        "nbt": "{Item:{id:\"minecraft:pink_wool\"}}"
      }
    },
    {
      "condition": "minecraft:entity_properties",
      "entity": "this",
      "predicate": {
        "type": "minecraft:item",
        "nbt": "{Item:{id:\"minecraft:gray_wool\"}}"
      }
    },
    {
      "condition": "minecraft:entity_properties",
      "entity": "this",
      "predicate": {
        "type": "minecraft:item",
        "nbt": "{Item:{id:\"minecraft:light_gray_wool\"}}"
      }
    },
    {
      "condition": "minecraft:entity_properties",
      "entity": "this",
      "predicate": {
        "type": "minecraft:item",
        "nbt": "{Item:{id:\"minecraft:cyan_wool\"}}"
      }
    },
    {
      "condition": "minecraft:entity_properties",
      "entity": "this",
      "predicate": {
        "type": "minecraft:item",
        "nbt": "{Item:{id:\"minecraft:purple_wool\"}}"
      }
    },
    {
      "condition": "minecraft:entity_properties",
      "entity": "this",
      "predicate": {
        "type": "minecraft:item",
        "nbt": "{Item:{id:\"minecraft:blue_wool\"}}"
      }
    },
    {
      "condition": "minecraft:entity_properties",
      "entity": "this",
      "predicate": {
        "type": "minecraft:item",
        "nbt": "{Item:{id:\"minecraft:brown_wool\"}}"
      }
    },
    {
      "condition": "minecraft:entity_properties",
      "entity": "this",
      "predicate": {
        "type": "minecraft:item",
        "nbt": "{Item:{id:\"minecraft:green_wool\"}}"
      }
    },
    {
      "condition": "minecraft:entity_properties",
      "entity": "this",
      "predicate": {
        "type": "minecraft:item",
        "nbt": "{Item:{id:\"minecraft:red_wool\"}}"
      }
    },
    {
      "condition": "minecraft:entity_properties",
      "entity": "this",
      "predicate": {
        "type": "minecraft:item",
        "nbt": "{Item:{id:\"minecraft:black_wool\"}}"
      }
    }
  ]
}
