{
  "name": "pillage:bastion_ghost/treasure/corners/edges",
  "fallback": "minecraft:empty",
  "elements": [
    {
      "weight": 1,
      "element": {
        "location": "pillage:bastion_ghost/treasure/corners/edges/bottom",
        "processors": "pillage:ghost_high_wall",
        "projection": "rigid",
        "element_type": "minecraft:single_pool_element"
      }
    },
    {
      "weight": 1,
      "element": {
        "location": "pillage:bastion_ghost/treasure/corners/edges/middle",
        "processors": "pillage:ghost_high_wall",
        "projection": "rigid",
        "element_type": "minecraft:single_pool_element"
      }
    },
    {
      "weight": 1,
      "element": {
        "location": "pillage:bastion_ghost/treasure/corners/edges/top",
        "processors": "pillage:ghost_high_wall",
        "projection": "rigid",
        "element_type": "minecraft:single_pool_element"
      }
    }
  ]
}
