{
  "elements": [
    {
      "element": {
        "element_type": "minecraft:legacy_single_pool_element",
        "location": "pillage:pillager_town/decoration/lamp",
        "processors": "minecraft:empty",
        "projection": "rigid"
      },
      "weight": 7
    },
    {
      "element": {
        "element_type": "minecraft:feature_pool_element",
        "feature": "minecraft:oak",
        "projection": "rigid"
      },
      "weight": 3
    },
    {
      "element": {
        "element_type": "minecraft:legacy_single_pool_element",
        "location": "pillage:pillager_town/decoration/cage_allay_1",
        "processors": "minecraft:empty",
        "projection": "rigid"
      },
      "weight": 2
    },
    {
      "element": {
        "element_type": "minecraft:legacy_single_pool_element",
        "location": "pillage:pillager_town/decoration/cage_allay_2",
        "processors": "minecraft:empty",
        "projection": "rigid"
      },
      "weight": 2
    },
    {
      "element": {
        "element_type": "minecraft:legacy_single_pool_element",
        "location": "pillage:pillager_town/decoration/cage_iron_golem",
        "processors": "minecraft:empty",
        "projection": "rigid"
      },
      "weight": 1
    },
    {
      "element": {
        "element_type": "minecraft:legacy_single_pool_element",
        "location": "pillage:pillager_town/decoration/cage_villager_1",
        "processors": "minecraft:empty",
        "projection": "rigid"
      },
      "weight": 4
    },
    {
      "element": {
        "element_type": "minecraft:legacy_single_pool_element",
        "location": "pillage:pillager_town/decoration/cage_villager_2",
        "processors": "minecraft:empty",
        "projection": "rigid"
      },
      "weight": 4
    },
    {
      "element": {
        "element_type": "minecraft:legacy_single_pool_element",
        "location": "pillage:pillager_town/decoration/cage_villager_3",
        "processors": "minecraft:empty",
        "projection": "rigid"
      },
      "weight": 1
    },
    {
      "element": {
        "element_type": "minecraft:legacy_single_pool_element",
        "location": "pillage:pillager_town/decoration/decoration_wall_1",
        "processors": "minecraft:empty",
        "projection": "rigid"
      },
      "weight": 7
    },
    {
      "element": {
        "element_type": "minecraft:legacy_single_pool_element",
        "location": "pillage:pillager_town/decoration/decoration_wall_2",
        "processors": "minecraft:empty",
        "projection": "rigid"
      },
      "weight": 7
    },
    {
      "element": {
        "element_type": "minecraft:legacy_single_pool_element",
        "location": "pillage:pillager_town/decoration/decoration_wall_3",
        "processors": "minecraft:empty",
        "projection": "rigid"
      },
      "weight": 7
    },
    {
      "element": {
        "element_type": "minecraft:legacy_single_pool_element",
        "location": "pillage:pillager_town/decoration/decoration_1",
        "processors": "minecraft:empty",
        "projection": "rigid"
      },
      "weight": 5
    },
    {
      "element": {
        "element_type": "minecraft:legacy_single_pool_element",
        "location": "pillage:pillager_town/decoration/decoration_2",
        "processors": "minecraft:empty",
        "projection": "rigid"
      },
      "weight": 7
    },
    {
      "element": {
        "element_type": "minecraft:legacy_single_pool_element",
        "location": "pillage:pillager_town/decoration/decoration_3",
        "processors": "minecraft:empty",
        "projection": "rigid"
      },
      "weight": 2
    },
    {
      "element": {
        "element_type": "minecraft:legacy_single_pool_element",
        "location": "pillage:pillager_town/decoration/decoration_4",
        "processors": "minecraft:empty",
        "projection": "rigid"
      },
      "weight": 1
    }
  ],
  "fallback": "minecraft:empty",
  "name": "pillage:pillager_town/decor"
}