{
  "elements": [
    {
      "element": {
        "element_type": "minecraft:legacy_single_pool_element",
        "location": "pillage:pillager_town/streets/straight_1",
        "processors": "minecraft:street_plains",
        "projection": "terrain_matching"
      },
      "weight": 7
    },
    {
      "element": {
        "element_type": "minecraft:legacy_single_pool_element",
        "location": "pillage:pillager_town/streets/straight_2",
        "processors": "minecraft:street_plains",
        "projection": "terrain_matching"
      },
      "weight": 6
    },
    {
      "element": {
        "element_type": "minecraft:legacy_single_pool_element",
        "location": "pillage:pillager_town/streets/straight_3",
        "processors": "minecraft:street_plains",
        "projection": "terrain_matching"
      },
      "weight": 6
    }
  ],
  "fallback": "pillage:pillager_town/terminators",
  "name": "pillage:pillager_town/streets_from_castle"
}