{
  "elements": [
    {
      "element": {
        "element_type": "minecraft:legacy_single_pool_element",
        "location": "pillage:pillager_town/terminators/terminator_01",
        "processors": "minecraft:street_plains",
        "projection": "terrain_matching"
      },
      "weight": 1
    },
    {
      "element": {
        "element_type": "minecraft:legacy_single_pool_element",
        "location": "minecraft:village/plains/terminators/terminator_02",
        "processors": "minecraft:street_plains",
        "projection": "terrain_matching"
      },
      "weight": 1
    }
  ],
  "fallback": "minecraft:empty",
  "name": "pillage:pillager_town/terminators"
}