{
  "elements": [
    {
      "element": {
        "element_type": "minecraft:legacy_single_pool_element",
        "location": "pillage:pillager_town/town_centers/castle/castle_road",
        "processors": "minecraft:street_plains",
        "projection": "rigid"
      },
      "weight": 5
    },
    {
      "element": {
        "element_type": "minecraft:legacy_single_pool_element",
        "location": "pillage:pillager_town/town_centers/center_1",
        "processors": "pillage:pillager_town",
        "projection": "rigid"
      },
      "weight": 3
    },
    {
      "element": {
        "element_type": "minecraft:legacy_single_pool_element",
        "location": "pillage:pillager_town/town_centers/watchtower",
        "processors": "pillage:pillager_town",
        "projection": "rigid"
      },
      "weight": 3
    }
  ],
  "fallback": "minecraft:empty",
  "name": "pillage:pillager_town/town_centers"
}